Influencer ID,Basis,Rate,Orders,Total Payout,Cost Per Order,Source,Campaign,User ID,Product,Date,Revenue,Platform,URL,Caption,Reach,Likes,Comments,Name,Category,Gender,Follower Count,Return On Ad Spend (ROAS),Incremental Revenue,Incremental ROAS,Net Revenue,Return On Investment (ROI %),Revenue per Follower,Orders per 10k Followers,Engagement rate (%),Like rate (%),Comment rate (%),Engagement ROI
INF0001,Post,5331,11,5331,484.6363636363636,SRC1,GRITZ_JUNIOR,USER1000,HK Vitals Omega,2025-02-17,6599,Instagram,https://platform.com/post/1,Check out product #1,141198,4480,369,Influencer_1,Lifestyle,Male,559639,1.237854061151754,4599,86.26899268429938,1268,23.78540611517539,0.011791529896951428,0.19655527938546097,3.434184620178756,3.17284947378858,0.2613351463901755,4.251019378833167
INF0002,Post,6733,10,6733,673.3,SRC2,HK_MULTIVIT,USER1001,MuscleBlaze Whey,2025-07-02,9055,Facebook,https://platform.com/post/2,Check out product #2,141194,12450,495,Influencer_2,Parenting,Female,622956,1.3448685578493984,7055,104.78241497103818,2322,34.48685578493985,0.014535537020271095,0.1605249808975273,9.168236610620847,8.817655141153306,0.35058146946754115,12.330073148547715
INF0003,Order,857,18,15426,857.0,SRC3,MB_WHEY,USER1002,HK Vitals Omega,2025-07-24,2868,Facebook,https://platform.com/post/3,Check out product #3,23030,13390,486,Influencer_3,Nutrition,Female,648873,0.18591987553481135,868,5.6268637365486835,-12558,-81.40801244651887,0.0044199712424465186,0.2774040528732125,60.251845419018665,58.141554494138084,2.110290924880591,11.202015601046643
INF0004,Order,886,18,15948,886.0,SRC4,MB_WHEY,USER1003,MuscleBlaze Whey,2025-05-21,785,Instagram,https://platform.com/post/4,Check out product #4,87838,4857,205,Influencer_4,Parenting,Other,942809,0.049222473037371456,-1215,-7.618510158013544,-15163,-95.07775269626285,0.000832618271569321,0.19091883934073603,5.762881668526151,5.5294974840046445,0.23338418452150553,0.2836632875465907
INF0005,Post,7105,17,7105,417.94117647058823,SRC5,GRITZ_JUNIOR,USER1004,MuscleBlaze Whey,2025-05-29,648,Instagram,https://platform.com/post/5,Check out product #5,89717,2813,158,Influencer_5,Parenting,Female,347497,0.0912033779028853,-1352,-19.02885292047854,-6457,-90.87966220971147,0.0018647643001234544,0.4892128565138692,3.3115240144008378,3.1354146928675726,0.17610932153326572,0.30202217611987936
INF0006,Order,748,8,5984,748.0,SRC6,MB_WHEY,USER1005,MuscleBlaze Whey,2025-06-03,4537,YouTube,https://platform.com/post/6,Check out product #6,43638,10495,454,Influencer_6,Health,Male,217869,0.7581885026737968,2537,42.39639037433155,-1447,-24.181149732620323,0.020824440374720588,0.3671931298165411,25.09051743892937,24.050139786424676,1.0403776525046977,19.023341848332645
INF0007,Order,623,15,9345,623.0,SRC7,MB_WHEY,USER1006,MuscleBlaze Whey,2025-06-25,7049,Twitter,https://platform.com/post/7,Check out product #7,72067,5688,77,Influencer_7,Nutrition,Other,75953,0.7543071161048689,5049,54.028892455858745,-2296,-24.56928838951311,0.09280739404631812,1.9749055336853054,7.999500464845213,7.892655445626986,0.10684501921822748,6.034080125916951
INF0008,Order,913,8,7304,913.0,SRC8,HK_MULTIVIT,USER1007,HK Vitals Omega,2025-07-04,7621,Instagram,https://platform.com/post/8,Check out product #8,123033,11412,205,Influencer_8,Nutrition,Male,853890,1.0434008762322016,5621,76.95783132530121,317,4.340087623220153,0.008925037182775299,0.09368888264296338,9.442182178765046,9.275560215551925,0.16662196321312167,9.851981158867527
INF0009,Post,5384,17,5384,316.70588235294116,SRC9,MB_WHEY,USER1008,MuscleBlaze Whey,2025-02-07,5395,YouTube,https://platform.com/post/9,Check out product #9,110977,1066,300,Influencer_9,Nutrition,Male,510328,1.0020430906389302,3395,63.05720653789004,11,0.20430906389301637,0.010571632361931933,0.33311909203492657,1.2308856790145706,0.9605593951899943,0.2703262838245763,1.2334004900229585
INF0010,Post,4659,12,4659,388.25,SRC10,HK_MULTIVIT,USER1009,MuscleBlaze Whey,2025-03-13,5780,YouTube,https://platform.com/post/10,Check out product #10,93869,5044,21,Influencer_10,Parenting,Female,816790,1.2406095728697146,3780,81.13329040566644,1121,24.060957286971455,0.007076482327158755,0.1469165881071022,5.395817575557426,5.373445972578807,0.022371602978619138,6.694102937695197
INF0011,Order,228,8,1824,228.0,SRC11,GRITZ_JUNIOR,USER1010,HK Vitals Omega,2025-07-08,1512,Twitter,https://platform.com/post/11,Check out product #11,110186,13495,133,Influencer_11,Lifestyle,Female,13267,0.8289473684210527,-488,-26.75438596491228,-312,-17.105263157894736,0.11396698575412678,6.029999246250094,12.368177445410486,12.247472455665873,0.12070498974461365,10.25256814553764
INF0012,Order,674,14,9436,674.0,SRC12,MB_WHEY,USER1011,HK Vitals Omega,2025-03-01,3285,Facebook,https://platform.com/post/12,Check out product #12,39674,3532,221,Influencer_12,Nutrition,Female,92745,0.34813480288257737,1285,13.618058499364139,-6151,-65.18651971174226,0.03541969917515769,1.5095153377540569,9.459595704995714,8.902555830014618,0.557039874981096,3.293214486107558
INF0013,Post,7301,4,7301,1825.25,SRC13,GRITZ_JUNIOR,USER1012,Gritzo Supermilk,2025-04-13,4225,Instagram,https://platform.com/post/13,Check out product #13,51271,788,65,Influencer_13,Parenting,Female,886020,0.5786878509793179,2225,30.475277359265856,-3076,-42.13121490206821,0.004768515383399923,0.04514570777183359,1.66370852918804,1.5369312086754694,0.12677732051257046,0.9627679134117886
INF0014,Post,2685,1,2685,2685.0,SRC14,GRITZ_JUNIOR,USER1013,HK Vitals Omega,2025-07-22,5076,Twitter,https://platform.com/post/14,Check out product #14,78688,4343,431,Influencer_14,Health,Female,834945,1.8905027932960894,3076,114.56238361266293,2391,89.05027932960894,0.0060794423584787025,0.011976836797633377,6.0669987799918665,5.519265961773079,0.5477328182187882,11.46967814049859
INF0015,Order,632,1,632,632.0,SRC15,MB_WHEY,USER1014,HK Vitals Omega,2025-07-23,6282,Instagram,https://platform.com/post/15,Check out product #15,116076,3801,108,Influencer_15,Lifestyle,Other,167164,9.939873417721518,4282,677.5316455696203,5650,893.9873417721518,0.03757986169270896,0.059821492665885,3.3676212136875843,3.27457872428409,0.09304248940349427,33.4737285828883
INF0016,Order,769,19,14611,769.0,SRC16,MB_WHEY,USER1015,Gritzo Supermilk,2025-07-07,6757,YouTube,https://platform.com/post/16,Check out product #16,146339,8633,46,Influencer_16,Health,Male,545626,0.4624597905687496,4757,32.557662035452736,-7854,-53.75402094312505,0.01238394064798965,0.34822387496197027,5.930749834288878,5.899315971818859,0.031433862470018246,2.742733326280881
INF0017,Post,6283,16,6283,392.6875,SRC17,GRITZ_JUNIOR,USER1016,HK Vitals Omega,2025-06-05,2908,YouTube,https://platform.com/post/17,Check out product #17,6062,14911,29,Influencer_17,Lifestyle,Male,141484,0.46283622473340763,908,14.451695050135285,-3375,-53.716377526659244,0.02055356082666591,1.130869921687258,246.45331573738042,245.9749257670736,0.4783899703068294,114.06752222891967
INF0018,Post,9736,14,9736,695.4285714285714,SRC18,MB_WHEY,USER1017,HK Vitals Omega,2025-06-01,840,Facebook,https://platform.com/post/18,Check out product #18,55448,5282,43,Influencer_18,Parenting,Male,541831,0.08627773212818406,-1160,-11.91454396055875,-8896,-91.3722267871816,0.001550298893935563,0.25838314898926046,9.603592555186841,9.526042418121483,0.07755013706535853,0.828576185944633
INF0019,Post,9710,16,9710,606.875,SRC19,HK_MULTIVIT,USER1018,HK Vitals Omega,2025-03-23,3317,YouTube,https://platform.com/post/19,Check out product #19,100462,10016,295,Influencer_19,Fitness,Male,902323,0.3416065911431514,1317,13.563336766220392,-6393,-65.83934088568486,0.0036760672176149784,0.17732009491058082,10.263582250004976,9.969938882363481,0.2936433676414963,3.506107345341556
INF0020,Order,201,5,1005,201.0,SRC20,HK_MULTIVIT,USER1019,HK Vitals Omega,2025-02-26,2996,YouTube,https://platform.com/post/20,Check out product #20,142301,13771,135,Influencer_20,Lifestyle,Female,961000,2.981094527363184,996,99.1044776119403,1991,198.10945273631842,0.003117585848074922,0.052029136316337155,9.772243343335605,9.67737401704837,0.09486932628723621,29.131981150879074
INF0021,Post,7783,9,7783,864.7777777777778,SRC21,MB_WHEY,USER1020,Gritzo Supermilk,2025-07-24,6462,Twitter,https://platform.com/post/21,Check out product #21,52915,6804,233,Influencer_21,Health,Male,70692,0.8302711036875241,4462,57.33007837594758,-1321,-16.97288963124759,0.09141062637922254,1.273128501103378,13.298686572805444,12.858357743550977,0.44032882925446476,11.041515178397633
INF0022,Order,834,2,1668,834.0,SRC22,GRITZ_JUNIOR,USER1021,HK Vitals Omega,2025-03-09,5799,Instagram,https://platform.com/post/22,Check out product #22,9632,4522,112,Influencer_22,Parenting,Other,230156,3.476618705035971,3799,227.75779376498798,4131,247.66187050359713,0.02519595404855837,0.0868975825092546,48.11046511627907,46.94767441860465,1.1627906976744187,167.26174293123643
INF0023,Post,6643,18,6643,369.05555555555554,SRC23,MB_WHEY,USER1022,HK Vitals Omega,2025-06-10,8074,Instagram,https://platform.com/post/23,Check out product #23,109592,10084,176,Influencer_23,Lifestyle,Other,233992,1.2154147222640372,6074,91.43459280445582,1431,21.541472226403734,0.034505453177886426,0.7692570686177305,9.361997226074896,9.201401562157823,0.16059566391707422,11.378709258366507
INF0024,Post,8868,6,8868,1478.0,SRC24,MB_WHEY,USER1023,Gritzo Supermilk,2025-02-14,2189,Twitter,https://platform.com/post/24,Check out product #24,139668,1859,439,Influencer_24,Fitness,Male,526771,0.2468425800631484,189,2.1312584573748308,-6679,-75.31574199368517,0.004155505902944543,0.11390148660423599,1.6453303548414813,1.331013546410058,0.31431680843142307,0.4061375898452867
INF0025,Post,9069,9,9069,1007.6666666666666,SRC25,GRITZ_JUNIOR,USER1024,MuscleBlaze Whey,2025-02-01,3767,Facebook,https://platform.com/post/25,Check out product #25,114779,11504,482,Influencer_25,Fitness,Male,840857,0.4153710442165619,1767,19.483956334766788,-5302,-58.46289557834381,0.0044799531906138616,0.10703365732817827,10.442676796278064,10.022739351275058,0.4199374450030058,4.337585565286081
INF0026,Post,3431,1,3431,3431.0,SRC26,GRITZ_JUNIOR,USER1025,Gritzo Supermilk,2025-03-13,4906,Instagram,https://platform.com/post/26,Check out product #26,142240,9281,106,Influencer_26,Nutrition,Other,573044,1.4299038181288255,2906,84.69833867677062,1475,42.99038181288254,0.008561297212779472,0.017450666964491383,6.599409448818898,6.524887514060743,0.07452193475815523,9.436520768261591
INF0027,Order,936,9,8424,936.0,SRC27,HK_MULTIVIT,USER1026,MuscleBlaze Whey,2025-04-14,8953,YouTube,https://platform.com/post/27,Check out product #27,113099,10554,358,Influencer_27,Nutrition,Other,553176,1.0627967711301045,6953,82.53798670465338,529,6.279677113010447,0.016184722402996513,0.16269686320447743,9.648184334078993,9.331647494672808,0.31653683940618393,10.25405915752721
INF0028,Order,636,16,10176,636.0,SRC28,GRITZ_JUNIOR,USER1027,Gritzo Supermilk,2025-06-04,1942,Instagram,https://platform.com/post/28,Check out product #28,12561,2582,16,Influencer_28,Health,Female,701095,0.19084119496855345,-58,-0.5699685534591195,-8234,-80.91588050314465,0.0027699527168215435,0.22821443598941657,20.68306663482207,20.555688241382057,0.12737839344001273,3.9471811522036613
INF0029,Post,4461,13,4461,343.15384615384613,SRC29,HK_MULTIVIT,USER1028,Gritzo Supermilk,2025-04-07,9097,YouTube,https://platform.com/post/29,Check out product #29,87152,8158,279,Influencer_29,Lifestyle,Other,843727,2.0392288724501233,7097,159.08989015915714,4636,103.92288724501233,0.010781923536878634,0.1540782741336949,9.680787589498808,9.360657242518817,0.320130346979989,19.7413415605628
INF0030,Order,452,9,4068,452.0,SRC30,GRITZ_JUNIOR,USER1029,HK Vitals Omega,2025-03-02,4937,Facebook,https://platform.com/post/30,Check out product #30,130036,1051,105,Influencer_30,Lifestyle,Female,124352,1.2136184857423795,2937,72.1976401179941,869,21.361848574237953,0.03970181420483788,0.7237519300051467,0.8889845888830785,0.808237718785567,0.08074687009751146,1.0788881306085936
INF0031,Post,3243,13,3243,249.46153846153845,SRC31,MB_WHEY,USER1030,MuscleBlaze Whey,2025-05-20,5935,Twitter,https://platform.com/post/31,Check out product #31,129049,9014,48,Influencer_31,Nutrition,Female,879474,1.830095590502621,3935,121.33826703669442,2692,83.00955905026211,0.006748351855768334,0.14781562615836283,7.022138877480646,6.984943703554464,0.03719517392618308,12.851185395574356
INF0032,Post,6998,9,6998,777.5555555555555,SRC32,HK_MULTIVIT,USER1031,HK Vitals Omega,2025-07-29,8935,Instagram,https://platform.com/post/32,Check out product #32,31734,11681,447,Influencer_32,Lifestyle,Female,95999,1.2767933695341527,6935,99.09974278365247,1937,27.679336953415262,0.09307388618631444,0.9375097657267263,38.21768450242642,36.809100649146025,1.4085838532803934,48.7960861716462
INF0033,Post,2162,11,2162,196.54545454545453,SRC33,HK_MULTIVIT,USER1032,MuscleBlaze Whey,2025-06-20,4607,Twitter,https://platform.com/post/33,Check out product #33,142443,2179,309,Influencer_33,Lifestyle,Female,27955,2.1308973172987975,2607,120.58279370952822,2445,113.08973172987974,0.1648005723484171,3.934895367554999,1.7466635777117865,1.529734700897903,0.21692887681388343,3.7219607319695656
INF0034,Post,3974,4,3974,993.5,SRC34,HK_MULTIVIT,USER1033,Gritzo Supermilk,2025-02-02,1060,Instagram,https://platform.com/post/34,Check out product #34,31069,2817,449,Influencer_34,Fitness,Female,834273,0.2667337695017615,-940,-23.65374937091092,-2914,-73.32662304982385,0.0012705673083031573,0.047945936162383296,10.512086002124304,9.06691557501046,1.4451704271138435,2.8039283246733175
INF0035,Order,744,2,1488,744.0,SRC35,MB_WHEY,USER1034,Gritzo Supermilk,2025-04-13,9285,YouTube,https://platform.com/post/35,Check out product #35,17910,10624,21,Influencer_35,Nutrition,Male,80640,6.23991935483871,7285,489.5833333333333,7797,523.991935483871,0.11514136904761904,0.24801587301587302,59.43606923506422,59.31881630374093,0.11725293132328309,370.8762787954108
INF0036,Post,2269,6,2269,378.1666666666667,SRC36,MB_WHEY,USER1035,MuscleBlaze Whey,2025-05-04,6048,Twitter,https://platform.com/post/36,Check out product #36,78479,11668,334,Influencer_36,Parenting,Other,206582,2.6654914059056853,4048,178.40458351696782,3779,166.54914059056853,0.029276510054118944,0.29044156799721177,15.29326316594248,14.867671606417005,0.4255915595254781,40.76406153707366
INF0037,Post,2631,14,2631,187.92857142857142,SRC37,MB_WHEY,USER1036,HK Vitals Omega,2025-05-20,2326,Instagram,https://platform.com/post/37,Check out product #37,86264,4624,61,Influencer_37,Nutrition,Female,962415,0.8840744963892057,326,12.390725959711137,-305,-11.592550361079438,0.0024168368115625796,0.1454673919255207,5.431002503941389,5.36028934433831,0.07071315960307892,4.801410803560499
INF0038,Order,575,4,2300,575.0,SRC38,MB_WHEY,USER1037,HK Vitals Omega,2025-06-21,8129,YouTube,https://platform.com/post/38,Check out product #38,28275,9792,315,Influencer_38,Parenting,Other,986535,3.5343478260869565,6129,266.47826086956525,5829,253.43478260869566,0.008239950939399008,0.04054595123335716,35.745358090185675,34.63129973474801,1.1140583554376657,126.33652865874754
INF0039,Post,5471,6,5471,911.8333333333334,SRC39,MB_WHEY,USER1038,HK Vitals Omega,2025-06-05,8825,Twitter,https://platform.com/post/39,Check out product #39,77274,8577,307,Influencer_39,Fitness,Other,754086,1.613050630597697,6825,124.7486748309267,3354,61.305063059769694,0.011702909217251083,0.07956652159037562,11.496751818205347,11.099464244118332,0.3972875740870151,18.544842770181354
INF0040,Post,5253,19,5253,276.4736842105263,SRC40,HK_MULTIVIT,USER1039,HK Vitals Omega,2025-05-05,3638,Twitter,https://platform.com/post/40,Check out product #40,105776,7411,16,Influencer_40,Health,Female,410573,0.6925566343042071,1638,31.18218161050828,-1615,-30.74433656957929,0.008860787241245772,0.46276788780557904,7.021441536832551,7.006315232188776,0.015126304643775526,4.862745918712511
INF0041,Post,4014,6,4014,669.0,SRC41,MB_WHEY,USER1040,Gritzo Supermilk,2025-07-04,8193,Instagram,https://platform.com/post/41,Check out product #41,53447,11787,322,Influencer_41,Lifestyle,Male,435695,2.0411061285500747,6193,154.28500249128052,4179,104.11061285500747,0.018804438884999827,0.13771101343829972,22.65608920987146,22.05362321552192,0.6024659943495426,46.24348253524585
INF0042,Order,585,2,1170,585.0,SRC42,HK_MULTIVIT,USER1041,Gritzo Supermilk,2025-07-07,8764,Instagram,https://platform.com/post/42,Check out product #42,131394,7286,84,Influencer_42,Fitness,Female,71476,7.490598290598291,6764,578.1196581196581,7594,649.0598290598291,0.1226145839162796,0.279814203368963,5.609084128651232,5.545154268840282,0.06392985981095027,42.01539598589692
INF0043,Post,9896,18,9896,549.7777777777778,SRC43,MB_WHEY,USER1042,Gritzo Supermilk,2025-04-24,8342,Instagram,https://platform.com/post/43,Check out product #43,80703,2165,220,Influencer_43,Lifestyle,Male,316955,0.8429668552950688,6342,64.08649959579628,-1554,-15.70331447049313,0.026319193576375195,0.5679039611301289,2.955280472844876,2.6826759847837134,0.2726044880611625,2.4912034867089687
INF0044,Order,745,13,9685,745.0,SRC44,GRITZ_JUNIOR,USER1043,Gritzo Supermilk,2025-07-06,7221,YouTube,https://platform.com/post/44,Check out product #44,81090,868,343,Influencer_44,Health,Other,177280,0.7455859576664946,5221,53.90810531750129,-2464,-25.44140423335054,0.04073217509025271,0.7333032490974729,1.4934023924035023,1.0704155876186954,0.42298680478480705,1.1134598529215993
INF0045,Post,2581,9,2581,286.77777777777777,SRC45,HK_MULTIVIT,USER1044,Gritzo Supermilk,2025-04-30,7502,Instagram,https://platform.com/post/45,Check out product #45,22260,5590,268,Influencer_45,Health,Male,685510,2.906625339015885,5502,213.1731886865556,4921,190.66253390158855,0.010943676970430773,0.13128911321497863,26.316262353998205,25.112309074573226,1.2039532794249777,76.49151498632101
INF0046,Post,7675,19,7675,403.94736842105266,SRC46,GRITZ_JUNIOR,USER1045,HK Vitals Omega,2025-05-03,4725,Twitter,https://platform.com/post/46,Check out product #46,117581,11349,483,Influencer_46,Fitness,Male,605468,0.6156351791530945,2725,35.50488599348534,-2950,-38.43648208469055,0.007803880634484399,0.31380684032847317,10.062850290438082,9.652069637101231,0.41078065333684866,6.195044641344618
INF0047,Order,476,13,6188,476.0,SRC47,HK_MULTIVIT,USER1046,HK Vitals Omega,2025-02-26,3478,Twitter,https://platform.com/post/47,Check out product #47,8812,12581,153,Influencer_47,Health,Male,708646,0.5620555914673562,1478,23.884938590820944,-2710,-43.79444085326438,0.0049079512196498675,0.18344843546707384,144.50748978665456,142.77122106218795,1.7362687244666366,81.22124264350106
INF0048,Post,7932,11,7932,721.0909090909091,SRC48,GRITZ_JUNIOR,USER1047,HK Vitals Omega,2025-05-24,7873,Instagram,https://platform.com/post/48,Check out product #48,121148,6745,85,Influencer_48,Parenting,Other,647144,0.9925617750882502,5873,74.04185577407968,-59,-0.7438224911749873,0.01216576217966944,0.16997762476357658,5.637732360418662,5.567570244659425,0.07016211575923664,5.595797639129618
INF0049,Post,7347,1,7347,7347.0,SRC49,MB_WHEY,USER1048,HK Vitals Omega,2025-07-19,6407,Instagram,https://platform.com/post/49,Check out product #49,121421,5183,219,Influencer_49,Health,Other,864882,0.8720566217503744,4407,59.983666802776646,-940,-12.79433782496257,0.007407946980050458,0.011562270922507348,4.448983289546289,4.26861910213225,0.18036418741403876,3.8797653377056047
INF0050,Order,463,7,3241,463.0,SRC50,MB_WHEY,USER1049,Gritzo Supermilk,2025-04-04,6597,Facebook,https://platform.com/post/50,Check out product #50,6605,5332,489,Influencer_50,Lifestyle,Male,424568,2.0354828756556618,4597,141.83893859919777,3356,103.54828756556617,0.01553814701060843,0.1648734713873867,88.13020439061317,80.72672218016655,7.403482210446631,179.38752186512653
INF0051,Order,975,15,14625,975.0,SRC51,MB_WHEY,USER1050,Gritzo Supermilk,2025-03-15,6156,Twitter,https://platform.com/post/51,Check out product #51,77303,10453,378,Influencer_51,Lifestyle,Male,196141,0.4209230769230769,4156,28.41709401709402,-8469,-57.9076923076923,0.03138558485987122,0.764755966371131,14.01109918114433,13.522114277583016,0.4889849035613107,5.897594978401674
INF0052,Order,556,1,556,556.0,SRC52,HK_MULTIVIT,USER1051,Gritzo Supermilk,2025-06-29,9484,YouTube,https://platform.com/post/52,Check out product #52,81125,11585,468,Influencer_52,Lifestyle,Female,908320,17.057553956834532,7484,1346.043165467626,8928,1605.7553956834531,0.010441254183547648,0.011009335916857496,14.857318952234206,14.280431432973806,0.5768875192604006,253.42951968163524
INF0053,Order,824,12,9888,824.0,SRC53,GRITZ_JUNIOR,USER1052,MuscleBlaze Whey,2025-04-25,4759,Facebook,https://platform.com/post/53,Check out product #53,149990,5897,202,Influencer_53,Lifestyle,Male,644736,0.48129045307443363,2759,27.902508090614887,-5129,-51.87095469255664,0.007381315763351201,0.1861226920786182,4.0662710847389825,3.93159543969598,0.13467564504300286,1.9570574526974935
INF0054,Order,827,7,5789,827.0,SRC54,MB_WHEY,USER1053,HK Vitals Omega,2025-07-10,8786,Instagram,https://platform.com/post/54,Check out product #54,129040,9238,204,Influencer_54,Parenting,Female,548685,1.5177059941267923,6786,117.22231818967006,2997,51.77059941267922,0.01601283067698224,0.12757775408476632,7.317110973341599,7.159020458772473,0.15809051456912587,11.105223183931471
INF0055,Post,7560,15,7560,504.0,SRC55,GRITZ_JUNIOR,USER1054,HK Vitals Omega,2025-03-11,6401,Instagram,https://platform.com/post/55,Check out product #55,149118,5026,29,Influencer_55,Nutrition,Male,969059,0.8466931216931217,4401,58.214285714285715,-1159,-15.33068783068783,0.006605376968791374,0.15478933687216154,3.3899328048927693,3.3704851191673706,0.019447685725398678,2.870232788904579
INF0056,Order,230,19,4370,230.0,SRC56,GRITZ_JUNIOR,USER1055,Gritzo Supermilk,2025-05-16,9825,Twitter,https://platform.com/post/56,Check out product #56,9324,6116,470,Influencer_56,Fitness,Female,188031,2.248283752860412,7825,179.06178489702518,5455,124.82837528604118,0.05225202227292308,1.0104716775425329,70.63492063492063,65.5941655941656,5.040755040755041,158.80734444807672
INF0057,Post,8339,1,8339,8339.0,SRC57,MB_WHEY,USER1056,HK Vitals Omega,2025-02-20,5417,Instagram,https://platform.com/post/57,Check out product #57,81323,3435,93,Influencer_57,Lifestyle,Other,928232,0.6495982731742416,3417,40.97613622736539,-2922,-35.04017268257585,0.005835825526377026,0.010773168776771324,4.338256089913062,4.223897298427259,0.11435879148580352,2.8181236645951624
INF0058,Post,2689,17,2689,158.1764705882353,SRC58,MB_WHEY,USER1057,HK Vitals Omega,2025-02-22,8929,YouTube,https://platform.com/post/58,Check out product #58,14111,12442,272,Influencer_58,Health,Male,978021,3.3205652658981033,6929,257.6794347341019,6240,232.05652658981032,0.009129660815054074,0.17382039853949968,90.09992204663028,88.17234781376231,1.9275742328679752,299.18267160816725
INF0059,Post,6000,17,6000,352.94117647058823,SRC59,GRITZ_JUNIOR,USER1058,Gritzo Supermilk,2025-04-29,3030,Twitter,https://platform.com/post/59,Check out product #59,21389,8138,147,Influencer_59,Lifestyle,Male,129180,0.505,1030,17.166666666666668,-2970,-49.5,0.023455643288434743,1.315993187799969,38.734863714993686,38.04759455795035,0.68726915704334,19.56110617607181
INF0060,Order,376,3,1128,376.0,SRC60,MB_WHEY,USER1059,MuscleBlaze Whey,2025-03-05,2460,Instagram,https://platform.com/post/60,Check out product #60,127177,13187,63,Influencer_60,Health,Male,76234,2.1808510638297873,460,40.78014184397163,1332,118.08510638297874,0.03226906629587848,0.39352519873022535,10.41855052407275,10.369013264977157,0.04953725909559118,22.721306993988446
INF0061,Order,255,12,3060,255.0,SRC61,MB_WHEY,USER1060,MuscleBlaze Whey,2025-06-11,7545,Twitter,https://platform.com/post/61,Check out product #61,46427,4973,414,Influencer_61,Health,Male,574242,2.465686274509804,5545,181.20915032679738,4485,146.5686274509804,0.013139059838883258,0.20897113063830233,11.6031619531738,10.71143946410494,0.8917224890688608,28.60975716885501
INF0062,Post,5141,6,5141,856.8333333333334,SRC62,MB_WHEY,USER1061,MuscleBlaze Whey,2025-01-31,1548,Instagram,https://platform.com/post/62,Check out product #62,127883,1581,493,Influencer_62,Lifestyle,Female,188352,0.30110873370939506,-452,-8.792063800816962,-3593,-69.8891266290605,0.008218654434250764,0.31855249745158004,1.621794921920818,1.23628629293964,0.3855086289811781,0.4883366152759048
INF0063,Order,317,11,3487,317.0,SRC63,HK_MULTIVIT,USER1062,Gritzo Supermilk,2025-07-13,6272,Instagram,https://platform.com/post/63,Check out product #63,136189,10193,369,Influencer_63,Parenting,Male,89459,1.7986808144536852,4272,122.51218812733009,2785,79.86808144536852,0.07011032987178484,1.2296135659911245,7.75539874732908,7.48445175454699,0.2709469927820896,13.94948693525896
INF0064,Order,289,3,867,289.0,SRC64,GRITZ_JUNIOR,USER1063,HK Vitals Omega,2025-07-19,3029,Instagram,https://platform.com/post/64,Check out product #64,130808,6405,30,Influencer_64,Health,Other,419995,3.493656286043829,1029,118.68512110726644,2162,249.36562860438292,0.0072119906189359395,0.0714294217788307,4.91942388844719,4.896489511344872,0.022934377102317903,17.1867761915877
INF0065,Order,516,8,4128,516.0,SRC65,GRITZ_JUNIOR,USER1064,Gritzo Supermilk,2025-02-11,3464,YouTube,https://platform.com/post/65,Check out product #65,117221,3551,51,Influencer_65,Health,Other,205004,0.8391472868217055,1464,35.46511627906977,-664,-16.08527131782946,0.016897231273536126,0.3902362880724279,3.072828247498315,3.029320684860221,0.04350756263809386,2.578555486757307
INF0066,Order,774,14,10836,774.0,SRC66,HK_MULTIVIT,USER1065,Gritzo Supermilk,2025-06-02,7637,YouTube,https://platform.com/post/66,Check out product #66,18234,12356,292,Influencer_66,Lifestyle,Male,476152,0.7047803617571059,5637,52.02104097452934,-3199,-29.521963824289404,0.016038995950872832,0.29402375711957524,69.36492267193157,67.76351870132719,1.6014039706043655,48.887035293977604
INF0067,Post,9927,14,9927,709.0714285714286,SRC67,GRITZ_JUNIOR,USER1066,HK Vitals Omega,2025-05-17,1463,Twitter,https://platform.com/post/67,Check out product #67,58441,14522,270,Influencer_67,Health,Other,951970,0.14737584365870857,-537,-5.409489271683288,-8464,-85.26241563412914,0.0015368131348676955,0.14706345788207612,25.310997416197534,24.84899300148868,0.4620044147088517,3.7302295980555042
INF0068,Post,9370,10,9370,937.0,SRC68,MB_WHEY,USER1067,MuscleBlaze Whey,2025-07-10,1036,Instagram,https://platform.com/post/68,Check out product #68,5846,154,20,Influencer_68,Health,Male,964443,0.11056563500533619,-964,-10.288153681963715,-8334,-88.94343649946637,0.0010741951572047286,0.10368679123597765,2.976394115634622,2.634279849469723,0.34211426616489904,0.329086905421288
INF0069,Order,140,2,280,140.0,SRC69,GRITZ_JUNIOR,USER1068,MuscleBlaze Whey,2025-06-01,7840,Instagram,https://platform.com/post/69,Check out product #69,15954,7743,203,Influencer_69,Lifestyle,Male,735256,28.0,5840,2085.714285714286,7560,2700.0,0.010662952767471466,0.02720141012110068,49.80569136266767,48.53328318916886,1.272408173498809,1394.5593581546948
INF0070,Post,7591,14,7591,542.2142857142857,SRC70,MB_WHEY,USER1069,Gritzo Supermilk,2025-07-05,7679,YouTube,https://platform.com/post/70,Check out product #70,84239,10115,405,Influencer_70,Lifestyle,Other,962774,1.0115926755368199,5679,74.81227769727309,88,1.1592675536819919,0.007975911273050581,0.14541314991888024,12.488277401203717,12.00750246322962,0.4807749379740975,12.633049949129672
INF0071,Order,437,9,3933,437.0,SRC71,HK_MULTIVIT,USER1070,MuscleBlaze Whey,2025-04-24,8467,Instagram,https://platform.com/post/71,Check out product #71,51514,13589,411,Influencer_71,Fitness,Male,69163,2.152809560132215,6467,164.42918891431478,4534,115.28095601322146,0.12242094761650016,1.3012738024666368,27.17707807586287,26.37923671235004,0.7978413635128314,58.507073498177206
INF0072,Order,413,3,1239,413.0,SRC72,MB_WHEY,USER1071,Gritzo Supermilk,2025-05-20,9234,YouTube,https://platform.com/post/72,Check out product #72,93236,3562,286,Influencer_72,Parenting,Other,485853,7.452784503631961,7234,583.8579499596449,7995,645.2784503631962,0.01900574865237016,0.06174707164512724,4.1271611823759065,3.8204127161182377,0.3067484662576687,30.758842904002517
INF0073,Post,8342,8,8342,1042.75,SRC73,GRITZ_JUNIOR,USER1072,Gritzo Supermilk,2025-04-05,1345,Instagram,https://platform.com/post/73,Check out product #73,102579,11371,473,Influencer_73,Parenting,Female,61934,0.16123231838887556,-655,-7.851834092543754,-6997,-83.87676816111245,0.02171666612845933,1.291697613588659,11.54622291112216,11.085114887062653,0.46110802405950535,1.8616242885949776
INF0074,Post,3449,16,3449,215.5625,SRC74,GRITZ_JUNIOR,USER1073,HK Vitals Omega,2025-02-18,6277,Twitter,https://platform.com/post/74,Check out product #74,142541,932,90,Influencer_74,Health,Male,730255,1.8199478109596985,4277,124.00695853870687,2828,81.99478109596984,0.008595627554758269,0.2191015467199814,0.7169866915483966,0.653846963329849,0.06313972821854764,1.304878359770741
INF0075,Post,5737,2,5737,2868.5,SRC75,GRITZ_JUNIOR,USER1074,HK Vitals Omega,2025-04-28,3536,Instagram,https://platform.com/post/75,Check out product #75,47101,12700,254,Influencer_75,Parenting,Female,435523,0.6163500087153565,1536,26.773575039219104,-2201,-38.364999128464355,0.0081189741988368,0.045921799767176474,27.502600794038344,26.963334111802297,0.5392666822360459,16.951228239100505
INF0076,Order,995,6,5970,995.0,SRC76,HK_MULTIVIT,USER1075,HK Vitals Omega,2025-06-19,6447,Instagram,https://platform.com/post/76,Check out product #76,69323,11098,395,Influencer_76,Health,Other,850530,1.0798994974874372,4447,74.48911222780569,477,7.989949748743719,0.007579979542167825,0.07054424888011006,16.578913203410124,16.009116743360792,0.5697964600493343,17.90356003725043
INF0077,Post,5959,12,5959,496.5833333333333,SRC77,HK_MULTIVIT,USER1076,Gritzo Supermilk,2025-04-27,2994,Facebook,https://platform.com/post/77,Check out product #77,96922,6054,274,Influencer_77,Fitness,Female,464137,0.5024332941768753,994,16.68065111595905,-2965,-49.756670582312466,0.006450681587548504,0.25854435220635286,6.5289614329048105,6.246259879078021,0.2827015538267886,3.280367600288136
INF0078,Order,372,5,1860,372.0,SRC78,GRITZ_JUNIOR,USER1077,HK Vitals Omega,2025-05-01,3219,YouTube,https://platform.com/post/78,Check out product #78,132534,14395,339,Influencer_78,Lifestyle,Female,15486,1.7306451612903226,1219,65.53763440860216,1359,73.06451612903226,0.20786516853932585,3.228722717293039,11.11714729805182,10.861363876439253,0.25578342161256734,19.239837178725168
INF0079,Post,8285,2,8285,4142.5,SRC79,MB_WHEY,USER1078,MuscleBlaze Whey,2025-06-07,2384,Instagram,https://platform.com/post/79,Check out product #79,72584,14394,121,Influencer_79,Lifestyle,Other,149407,0.2877489438744719,384,4.634882317441159,-5901,-71.22510561255281,0.015956414358095673,0.1338625365612053,19.997520114625814,19.830816708916565,0.16670340570924722,5.754265293092087
INF0080,Post,7432,16,7432,464.5,SRC80,HK_MULTIVIT,USER1079,MuscleBlaze Whey,2025-02-09,4849,Instagram,https://platform.com/post/80,Check out product #80,109537,10782,11,Influencer_80,Lifestyle,Female,883332,0.652448869752422,2849,38.33423035522067,-2583,-34.755113024757804,0.005489442248214714,0.18113234887901716,9.853291581839926,9.843249313017518,0.01004226882240704,6.428768955912514
INF0081,Order,750,5,3750,750.0,SRC81,GRITZ_JUNIOR,USER1080,Gritzo Supermilk,2025-05-23,5679,Facebook,https://platform.com/post/81,Check out product #81,83477,14178,141,Influencer_81,Parenting,Female,660308,1.5144,3679,98.10666666666667,1929,51.44,0.008600531873004719,0.0757222387128431,17.153227835212096,16.98431903398541,0.1689088012266852,25.9768482336452
INF0082,Order,961,15,14415,961.0,SRC82,GRITZ_JUNIOR,USER1081,Gritzo Supermilk,2025-02-01,7110,Facebook,https://platform.com/post/82,Check out product #82,47533,8619,375,Influencer_82,Fitness,Other,637083,0.49323621227887615,5110,35.44918487686438,-7305,-50.676378772112386,0.011160241287242008,0.23544812842282717,18.921591315507122,18.132665726968632,0.788925588538489,9.33281403074961
INF0083,Order,882,12,10584,882.0,SRC83,HK_MULTIVIT,USER1082,HK Vitals Omega,2025-02-06,6930,YouTube,https://platform.com/post/83,Check out product #83,6828,7321,180,Influencer_83,Parenting,Female,230184,0.6547619047619048,4930,46.57974300831444,-3654,-34.523809523809526,0.030106349702846417,0.5213220727765614,109.85647334504979,107.22026947861745,2.6362038664323375,71.92983373783022
INF0084,Order,958,4,3832,958.0,SRC84,HK_MULTIVIT,USER1083,Gritzo Supermilk,2025-02-15,7654,Facebook,https://platform.com/post/84,Check out product #84,6917,3410,332,Influencer_84,Parenting,Other,676490,1.9973903966597077,5654,147.54697286012527,3822,99.73903966597078,0.0113142840248932,0.05912873804490828,54.09859765794419,49.29882897209773,4.799768685846465,108.05601943473508
INF0085,Order,388,15,5820,388.0,SRC85,HK_MULTIVIT,USER1084,Gritzo Supermilk,2025-07-12,6988,Twitter,https://platform.com/post/85,Check out product #85,25618,3400,319,Influencer_85,Fitness,Female,359652,1.2006872852233677,4988,85.70446735395188,1168,20.06872852233677,0.019429893341341074,0.4170698341730339,14.517136388476853,13.271918182527912,1.245218205948942,17.430541079497637
INF0086,Order,823,11,9053,823.0,SRC86,MB_WHEY,USER1085,MuscleBlaze Whey,2025-02-25,5237,Facebook,https://platform.com/post/86,Check out product #86,37254,6822,219,Influencer_86,Fitness,Other,771315,0.5784822710703634,3237,35.75610294929857,-3816,-42.151772892963656,0.006789703298911599,0.142613588482008,18.899983894346917,18.312127556772428,0.5878563375744886,10.933305606395097
INF0087,Order,992,16,15872,992.0,SRC87,MB_WHEY,USER1086,MuscleBlaze Whey,2025-02-18,7025,Twitter,https://platform.com/post/87,Check out product #87,110292,7318,481,Influencer_87,Fitness,Other,652612,0.44260332661290325,5025,31.65952620967742,-8847,-55.73966733870967,0.010764435836300896,0.2451686453819421,7.0712291009320705,6.635114060856635,0.4361150400754361,3.129749523314503
INF0088,Order,371,6,2226,371.0,SRC88,GRITZ_JUNIOR,USER1087,HK Vitals Omega,2025-06-17,4350,YouTube,https://platform.com/post/88,Check out product #88,52362,7876,86,Influencer_88,Fitness,Female,332710,1.954177897574124,2350,105.570530098832,2124,95.4177897574124,0.013074449220041478,0.18033723062126175,15.20568351094305,15.041442267293077,0.16424124364997517,29.714610634592212
INF0089,Post,9127,14,9127,651.9285714285714,SRC89,HK_MULTIVIT,USER1088,Gritzo Supermilk,2025-03-16,1189,YouTube,https://platform.com/post/89,Check out product #89,25128,3775,227,Influencer_89,Lifestyle,Female,207775,0.13027281691684015,-811,-8.885723677002302,-7938,-86.97271830831599,0.005722536397545421,0.6738057995427746,15.926456542502388,15.02308182107609,0.9033747214262974,2.0747843572954245
INF0090,Order,582,18,10476,582.0,SRC90,MB_WHEY,USER1089,Gritzo Supermilk,2025-05-29,5675,YouTube,https://platform.com/post/90,Check out product #90,128781,3154,482,Influencer_90,Nutrition,Female,299336,0.5417143948071783,3675,35.080183276059564,-4801,-45.82856051928217,0.01895862843092712,0.6013309458267633,2.823397861485778,2.449119047064396,0.37427881442138206,1.5294752638346498
INF0091,Order,347,12,4164,347.0,SRC91,HK_MULTIVIT,USER1090,MuscleBlaze Whey,2025-06-19,9148,YouTube,https://platform.com/post/91,Check out product #91,70545,13675,376,Influencer_91,Nutrition,Male,797494,2.196926032660903,7148,171.66186359269932,4984,119.6926032660903,0.011470932696672325,0.1504713515086007,19.91778297540577,19.38478985045007,0.5329931249557021,43.75789593155908
INF0092,Post,2370,11,2370,215.45454545454547,SRC92,GRITZ_JUNIOR,USER1091,Gritzo Supermilk,2025-04-03,5578,YouTube,https://platform.com/post/92,Check out product #92,87180,8070,427,Influencer_92,Fitness,Male,618364,2.353586497890295,3578,150.97046413502107,3208,135.35864978902953,0.009020576877049763,0.17788875160908463,9.746501491167699,9.256710254645562,0.4897912365221381,22.939234311279925
INF0093,Order,146,13,1898,146.0,SRC93,MB_WHEY,USER1092,MuscleBlaze Whey,2025-04-24,5948,Twitter,https://platform.com/post/93,Check out product #93,92958,2243,487,Influencer_93,Nutrition,Male,99780,3.1338250790305584,3948,208.00842992623814,4050,213.38250790305585,0.05961114451793947,1.3028663058729204,2.9368101723358935,2.4129176617397103,0.5238925105961832,9.20344937041828
INF0094,Post,6948,11,6948,631.6363636363636,SRC94,MB_WHEY,USER1093,HK Vitals Omega,2025-05-22,1679,Twitter,https://platform.com/post/94,Check out product #94,145937,5307,406,Influencer_94,Nutrition,Other,162617,0.24165227403569373,-321,-4.620034542314335,-5269,-75.83477259643064,0.0103248737831838,0.6764360429721369,3.9147029197530445,3.636500681801051,0.27820223795199295,0.9459968627324931
INF0095,Post,6479,16,6479,404.9375,SRC95,MB_WHEY,USER1094,MuscleBlaze Whey,2025-02-17,9574,YouTube,https://platform.com/post/95,Check out product #95,138291,9603,447,Influencer_95,Fitness,Female,555977,1.4776971754900448,7574,116.90075628955086,3095,47.769717549004476,0.01722013680422032,0.2877816888108681,7.267284205045882,6.94405275831399,0.32323144673189147,10.738845343279715
INF0096,Order,759,15,11385,759.0,SRC96,GRITZ_JUNIOR,USER1095,Gritzo Supermilk,2025-02-04,6906,Facebook,https://platform.com/post/96,Check out product #96,44809,11483,494,Influencer_96,Nutrition,Other,807606,0.6065876152832674,4906,43.091787439613526,-4479,-39.34123847167326,0.00855119947102919,0.18573413273304062,26.729005333749917,25.626548238077174,1.1024570956727442,16.2134836042931
INF0097,Post,8588,15,8588,572.5333333333333,SRC97,HK_MULTIVIT,USER1096,HK Vitals Omega,2025-03-10,9091,Instagram,https://platform.com/post/97,Check out product #97,121748,2638,107,Influencer_97,Parenting,Male,360605,1.058570097810899,7091,82.5687005123428,503,5.857009781089893,0.02521041028271932,0.4159676099887689,2.2546571606925783,2.166770706705654,0.08788645398692381,2.386712651124386
INF0098,Order,100,4,400,100.0,SRC98,MB_WHEY,USER1097,MuscleBlaze Whey,2025-06-04,7407,YouTube,https://platform.com/post/98,Check out product #98,10287,12275,277,Influencer_98,Health,Female,922606,18.5175,5407,1351.75,7007,1751.7499999999998,0.008028345794412783,0.04335545183968021,122.01808107319918,119.32536210751434,2.6927189656848447,2259.4698162729655
INF0099,Post,8304,11,8304,754.9090909090909,SRC99,GRITZ_JUNIOR,USER1098,MuscleBlaze Whey,2025-02-05,9300,Facebook,https://platform.com/post/99,Check out product #99,13512,4647,18,Influencer_99,Health,Other,899465,1.119942196531792,7300,87.90944123314065,996,11.99421965317919,0.01033947957952783,0.12229491975785606,34.52486678507993,34.39165186500888,0.13321492007104796,38.665855142249924
INF0100,Post,9345,19,9345,491.8421052631579,SRC100,HK_MULTIVIT,USER1099,HK Vitals Omega,2025-05-08,2138,Instagram,https://platform.com/post/100,Check out product #100,137414,5719,163,Influencer_100,Fitness,Female,543636,0.22878544676297485,138,1.4767255216693418,-7207,-77.12145532370252,0.003932778550353545,0.34949856153749936,4.280495437146143,4.161875791404078,0.11861964574206413,0.9793150609543556
INF0101,Post,6724,15,6724,448.26666666666665,SRC101,GRITZ_JUNIOR,USER1100,HK Vitals Omega,2025-07-16,6171,YouTube,https://platform.com/post/101,Check out product #101,113872,8456,156,Influencer_101,Lifestyle,Other,951218,0.9177572873289709,4171,62.03152885187389,-553,-8.224271267102914,0.006487471851878329,0.15769255838304155,7.562877616973444,7.425881691724041,0.13699592524940282,6.94088604615454
INF0102,Order,290,4,1160,290.0,SRC102,HK_MULTIVIT,USER1101,MuscleBlaze Whey,2025-06-02,7428,YouTube,https://platform.com/post/102,Check out product #102,98070,12569,487,Influencer_102,Fitness,Female,48102,6.403448275862069,5428,467.9310344827586,6268,540.344827586207,0.1544218535611825,0.8315662550413704,13.312939736922608,12.816355664321403,0.49658407260120324,85.2487210050527
INF0103,Order,678,13,8814,678.0,SRC103,GRITZ_JUNIOR,USER1102,Gritzo Supermilk,2025-07-22,1882,Twitter,https://platform.com/post/103,Check out product #103,84767,6712,112,Influencer_103,Lifestyle,Male,84460,0.213523939187656,-118,-1.3387792148854096,-6932,-78.6476060812344,0.0222827373904807,1.5391901491830453,8.050302594169901,7.918175705168284,0.13212688900161618,1.7189323215597634
INF0104,Post,8633,19,8633,454.36842105263156,SRC104,HK_MULTIVIT,USER1103,MuscleBlaze Whey,2025-05-11,1903,Instagram,https://platform.com/post/104,Check out product #104,102829,5105,192,Influencer_104,Health,Male,374778,0.22043322135989807,-97,-1.1235955056179776,-6730,-77.95667786401019,0.0050776726488748,0.5069667910069428,5.151270555971565,4.964552801252565,0.18671775471899948,1.1355111627492052
INF0105,Post,9160,2,9160,4580.0,SRC105,MB_WHEY,USER1104,HK Vitals Omega,2025-04-19,9511,Instagram,https://platform.com/post/105,Check out product #105,47078,922,305,Influencer_105,Fitness,Female,99930,1.0383187772925764,7511,81.99781659388647,351,3.831877729257642,0.09517662363654558,0.20014009806864805,2.606312927482051,1.9584519308381836,0.6478609966438676,2.7061836521049987
INF0106,Order,914,14,12796,914.0,SRC106,HK_MULTIVIT,USER1105,MuscleBlaze Whey,2025-05-23,3792,Facebook,https://platform.com/post/106,Check out product #106,111288,1043,102,Influencer_106,Parenting,Other,541089,0.2963426070647077,1792,14.00437636761488,-9004,-70.36573929352923,0.00700808924225035,0.2587374720240108,1.0288620516138307,0.9372079649198476,0.09165408669398317,0.3048956626851865
INF0107,Order,905,4,3620,905.0,SRC107,GRITZ_JUNIOR,USER1106,HK Vitals Omega,2025-07-14,9511,Twitter,https://platform.com/post/107,Check out product #107,88524,14389,135,Influencer_107,Nutrition,Male,637438,2.6273480662983424,7511,207.48618784530385,5891,162.73480662983425,0.014920666794260774,0.06275120090110725,16.406850119741538,16.254349103068094,0.15250101667344448,43.10650593614966
INF0108,Post,5062,16,5062,316.375,SRC108,GRITZ_JUNIOR,USER1107,HK Vitals Omega,2025-06-06,919,Twitter,https://platform.com/post/108,Check out product #108,17219,6250,297,Influencer_108,Lifestyle,Male,737627,0.1815487949427104,-1081,-21.35519557487159,-4143,-81.84512050572896,0.001245887148924863,0.21691179959518836,38.021952494337654,36.297113653522274,1.7248388408153785,6.902839656715983
INF0109,Post,4336,14,4336,309.7142857142857,SRC109,HK_MULTIVIT,USER1108,Gritzo Supermilk,2025-03-07,5017,Twitter,https://platform.com/post/109,Check out product #109,5235,4525,175,Influencer_109,Nutrition,Male,189208,1.1570571955719557,3017,69.58025830258303,681,15.705719557195572,0.026515792144095388,0.7399264301720857,89.7803247373448,86.43744030563515,3.3428844317096464,103.88097075813165
INF0110,Order,632,15,9480,632.0,SRC110,MB_WHEY,USER1109,HK Vitals Omega,2025-05-11,3802,Twitter,https://platform.com/post/110,Check out product #110,47929,9066,428,Influencer_110,Nutrition,Female,164697,0.4010548523206751,1802,19.008438818565402,-5678,-59.89451476793249,0.0230848163597394,0.9107634018834587,19.808466690312756,18.915479146237143,0.8929875440756118,7.944281683182394
INF0111,Order,326,3,978,326.0,SRC111,MB_WHEY,USER1110,HK Vitals Omega,2025-06-06,8357,Instagram,https://platform.com/post/111,Check out product #111,132309,2298,478,Influencer_111,Fitness,Female,223945,8.544989775051125,6357,650.0,7379,754.4989775051125,0.03731719841925473,0.1339614637522606,2.098118797663046,1.7368432986418159,0.3612754990212306,17.92840367287329
INF0112,Order,412,8,3296,412.0,SRC112,HK_MULTIVIT,USER1111,Gritzo Supermilk,2025-02-13,8370,Instagram,https://platform.com/post/112,Check out product #112,72444,11448,187,Influencer_112,Nutrition,Other,241915,2.5394417475728157,6370,193.26456310679612,5074,153.94417475728156,0.0345989293760205,0.3306946654816774,16.06068135387334,15.802550935895313,0.2581304179780244,40.785164724490244
INF0113,Order,728,16,11648,728.0,SRC113,HK_MULTIVIT,USER1112,HK Vitals Omega,2025-03-25,6193,YouTube,https://platform.com/post/113,Check out product #113,144639,4342,475,Influencer_113,Parenting,Other,737952,0.5316792582417582,4193,35.99759615384615,-5455,-46.832074175824175,0.00839214474654178,0.2168162698928928,3.330360414549326,3.0019565953857534,0.32840381916357275,1.7706835548853002
INF0114,Order,401,10,4010,401.0,SRC114,GRITZ_JUNIOR,USER1113,Gritzo Supermilk,2025-04-20,1267,YouTube,https://platform.com/post/114,Check out product #114,106834,3795,368,Influencer_114,Nutrition,Other,218124,0.31596009975062345,-733,-18.27930174563591,-2743,-68.40399002493766,0.00580862261832719,0.45845482386165665,3.896699552576895,3.5522399236198217,0.34445962895707355,1.2312015793304054
INF0115,Post,8171,4,8171,2042.75,SRC115,MB_WHEY,USER1114,Gritzo Supermilk,2025-02-16,2544,Twitter,https://platform.com/post/115,Check out product #115,89555,3552,43,Influencer_115,Fitness,Female,447477,0.3113450006119202,544,6.657691836984457,-5627,-68.86549993880799,0.005685208401772605,0.08939006921026109,4.01429289263581,3.966277706437385,0.04801518619842555,1.2498300231141233
INF0116,Order,559,18,10062,559.0,SRC116,HK_MULTIVIT,USER1115,HK Vitals Omega,2025-04-04,2049,Twitter,https://platform.com/post/116,Check out product #116,78698,9206,19,Influencer_116,Parenting,Female,535830,0.20363744782349433,49,0.48698071953885913,-8013,-79.63625521765056,0.003823974021611332,0.3359274396730306,11.722025972705787,11.69788304658314,0.024142926122646062,2.38704345240252
INF0117,Post,4090,2,4090,2045.0,SRC117,MB_WHEY,USER1116,HK Vitals Omega,2025-06-24,6640,Twitter,https://platform.com/post/117,Check out product #117,129450,13959,380,Influencer_117,Health,Other,293821,1.6234718826405867,4640,113.44743276283617,2550,62.34718826405869,0.022598793142763793,0.06806865404446925,11.076863653920432,10.783314020857473,0.29354963306295867,17.982976689983293
INF0118,Order,650,17,11050,650.0,SRC118,HK_MULTIVIT,USER1117,MuscleBlaze Whey,2025-05-24,4216,YouTube,https://platform.com/post/118,Check out product #118,141487,1408,8,Influencer_118,Nutrition,Other,187804,0.38153846153846155,2216,20.054298642533936,-6834,-61.846153846153854,0.02244893612489617,0.9051990372942004,1.000798659947557,0.9951444302303393,0.005654229717217836,0.3818431810261448
INF0119,Post,8566,13,8566,658.9230769230769,SRC119,HK_MULTIVIT,USER1118,Gritzo Supermilk,2025-06-25,4981,Facebook,https://platform.com/post/119,Check out product #119,48925,4277,353,Influencer_119,Fitness,Female,715703,0.5814849404622928,2981,34.80037356992762,-3585,-41.851505953770726,0.006959590779974375,0.18163959072408525,9.463464486458866,8.741951967296883,0.7215125191619826,5.502862083475557
INF0120,Order,966,4,3864,966.0,SRC120,MB_WHEY,USER1119,MuscleBlaze Whey,2025-05-28,8398,Facebook,https://platform.com/post/120,Check out product #120,142023,8805,474,Influencer_120,Health,Other,49081,2.1733954451345756,6398,165.57971014492753,4534,117.33954451345755,0.1711049082129541,0.8149793198997575,6.5334488075875035,6.19970004858368,0.33374875900382334,14.199767879430604
INF0121,Order,863,11,9493,863.0,SRC121,HK_MULTIVIT,USER1120,HK Vitals Omega,2025-03-09,7048,YouTube,https://platform.com/post/121,Check out product #121,92388,10212,413,Influencer_121,Health,Male,728216,0.7424417992204783,5048,53.17602443906036,-2445,-25.755820077952173,0.00967844705417074,0.15105408285453767,11.500411308827987,11.053383556306013,0.4470277525219725,8.538386063901786
INF0122,Post,6624,7,6624,946.2857142857143,SRC122,HK_MULTIVIT,USER1121,MuscleBlaze Whey,2025-03-15,2793,YouTube,https://platform.com/post/122,Check out product #122,13007,6952,401,Influencer_122,Lifestyle,Female,365249,0.4216485507246377,793,11.971618357487923,-3831,-57.835144927536234,0.007646838184361901,0.19165007980856893,56.531098639194276,53.44814330744983,3.0829553317444454,23.836255812087806
INF0123,Post,3633,12,3633,302.75,SRC123,GRITZ_JUNIOR,USER1122,Gritzo Supermilk,2025-05-24,5337,YouTube,https://platform.com/post/123,Check out product #123,63596,6135,214,Influencer_123,Parenting,Other,229930,1.4690338563170933,3337,91.8524635287641,1704,46.903385631709334,0.023211412168920975,0.5218979689470709,9.983332285049375,9.646833134159381,0.3364991508899931,14.665853125601021
INF0124,Order,309,10,3090,309.0,SRC124,HK_MULTIVIT,USER1123,MuscleBlaze Whey,2025-03-03,8258,YouTube,https://platform.com/post/124,Check out product #124,126101,3694,165,Influencer_124,Nutrition,Female,815497,2.6724919093851134,6258,202.52427184466018,5168,167.2491909385113,0.010126340133685349,0.12262460806109649,3.0602453588789937,2.9293978636172593,0.13084749526173464,8.178480962337453
INF0125,Order,214,7,1498,214.0,SRC125,HK_MULTIVIT,USER1124,Gritzo Supermilk,2025-04-12,7293,YouTube,https://platform.com/post/125,Check out product #125,93861,4941,20,Influencer_125,Fitness,Male,527313,4.86849132176235,5293,353.3377837116155,5795,386.849132176235,0.013830495360440573,0.13274848145219253,5.2854753305419715,5.26416722600441,0.021308104537560858,25.732290778132576
INF0126,Order,836,13,10868,836.0,SRC126,HK_MULTIVIT,USER1125,HK Vitals Omega,2025-03-03,8138,YouTube,https://platform.com/post/126,Check out product #126,91740,1509,497,Influencer_126,Lifestyle,Female,224532,0.7488038277511961,6138,56.477732793522264,-2730,-25.11961722488038,0.036244276985017726,0.578982060463542,2.1866143448877264,1.644865925441465,0.5417484194462612,1.6373451912676036
INF0127,Order,745,7,5215,745.0,SRC127,GRITZ_JUNIOR,USER1126,HK Vitals Omega,2025-04-19,8493,Twitter,https://platform.com/post/127,Check out product #127,20524,13094,430,Influencer_127,Parenting,Female,622380,1.6285714285714286,6493,124.50623202301054,3278,62.857142857142854,0.013646004048973296,0.11247148044602975,65.89358799454298,63.79847982849347,2.095108166049503,107.31241473397
INF0128,Order,350,17,5950,350.0,SRC128,MB_WHEY,USER1127,Gritzo Supermilk,2025-04-29,6507,Twitter,https://platform.com/post/128,Check out product #128,136149,4666,112,Influencer_128,Lifestyle,Female,529332,1.0936134453781512,4507,75.74789915966387,557,9.361344537815127,0.012292852123053206,0.32115949914231523,3.509390447230608,3.427127632226458,0.08226281500414986,3.837916578173036
INF0129,Post,8985,10,8985,898.5,SRC129,GRITZ_JUNIOR,USER1128,HK Vitals Omega,2025-06-04,6042,Twitter,https://platform.com/post/129,Check out product #129,130501,11482,386,Influencer_129,Parenting,Female,326837,0.6724540901502504,4042,44.986087924318305,-2943,-32.75459098497496,0.018486279093248317,0.30596291117590724,9.094183186335737,8.798400012260442,0.2957831740752944,6.115420680227103
INF0130,Post,6948,10,6948,694.8,SRC130,GRITZ_JUNIOR,USER1129,HK Vitals Omega,2025-06-25,9592,Twitter,https://platform.com/post/130,Check out product #130,25611,4591,454,Influencer_130,Parenting,Male,299106,1.3805411629245825,7592,109.26885434657456,2644,38.05411629245826,0.03206889865131425,0.3343296356475631,19.69856702198274,17.925891218617,1.7726758033657413,27.19468262447588
INF0131,Order,542,4,2168,542.0,SRC131,MB_WHEY,USER1130,HK Vitals Omega,2025-03-22,6856,YouTube,https://platform.com/post/131,Check out product #131,19060,1655,315,Influencer_131,Nutrition,Female,38295,3.162361623616236,4856,223.98523985239854,4688,216.23616236162363,0.17903120511816165,1.0445227836532185,10.335781741867786,8.683105981112277,1.652675760755509,32.68547953055606
INF0132,Post,3537,4,3537,884.25,SRC132,GRITZ_JUNIOR,USER1131,HK Vitals Omega,2025-03-26,8933,Facebook,https://platform.com/post/132,Check out product #132,48303,14696,231,Influencer_132,Parenting,Female,23807,2.525586655357648,6933,196.0135708227311,5396,152.5586655357648,0.3752257739320368,1.6801780988784811,30.902842473552365,30.424611307786265,0.47823116576610153,78.04780656382337
INF0133,Post,8165,7,8165,1166.4285714285713,SRC133,MB_WHEY,USER1132,Gritzo Supermilk,2025-07-07,7880,Instagram,https://platform.com/post/133,Check out product #133,44711,904,174,Influencer_133,Lifestyle,Other,445564,0.9650949173300674,5880,72.01469687691365,-285,-3.490508266993264,0.01768545035056692,0.1571042543832087,2.4110397888662747,2.0218738118136477,0.38916597705262684,2.3268822457154004
INF0134,Post,9279,1,9279,9279.0,SRC134,GRITZ_JUNIOR,USER1133,MuscleBlaze Whey,2025-07-18,2885,YouTube,https://platform.com/post/134,Check out product #134,148026,13321,38,Influencer_134,Parenting,Female,167504,0.3109171246901606,885,9.537665696734562,-6394,-68.90828753098394,0.017223469290285606,0.05970006686407489,9.024765919500629,8.999094753624364,0.02567116587626498,2.805954270692889
INF0135,Order,657,12,7884,657.0,SRC135,MB_WHEY,USER1134,MuscleBlaze Whey,2025-07-02,4768,Instagram,https://platform.com/post/135,Check out product #135,78340,1379,418,Influencer_135,Nutrition,Other,248067,0.6047691527143582,2768,35.10908168442415,-3116,-39.52308472856418,0.01922061378579174,0.4837402798437519,2.2938473321419455,1.7602757212152158,0.5335716109267297,1.3872481075155754
INF0136,Post,5137,13,5137,395.15384615384613,SRC136,HK_MULTIVIT,USER1135,HK Vitals Omega,2025-06-21,1171,Facebook,https://platform.com/post/136,Check out product #136,107974,14145,255,Influencer_136,Nutrition,Male,495008,0.22795405878917657,-829,-16.13782363247031,-3966,-77.20459412108235,0.002365618333441076,0.2626220182300084,13.336543982810678,13.100376016448404,0.23616796636227239,3.0401193311020642
INF0137,Order,241,10,2410,241.0,SRC137,GRITZ_JUNIOR,USER1136,MuscleBlaze Whey,2025-02-20,663,Twitter,https://platform.com/post/137,Check out product #137,145256,13292,251,Influencer_137,Lifestyle,Male,985358,0.27510373443983405,-1337,-55.477178423236516,-1747,-72.48962655601659,0.0006728518974829453,0.10148595738807621,9.323539130913696,9.150740761138955,0.17279836977474253,2.5649404331102827
INF0138,Post,2097,15,2097,139.8,SRC138,GRITZ_JUNIOR,USER1137,MuscleBlaze Whey,2025-06-20,9156,Facebook,https://platform.com/post/138,Check out product #138,72728,13464,273,Influencer_138,Health,Male,967766,4.36623748211731,7156,341.2494039103481,7059,336.623748211731,0.009460964737343532,0.1549961457625087,18.88818611813882,18.512814871851283,0.3753712462875371,82.47030619822557
INF0139,Order,600,13,7800,600.0,SRC139,GRITZ_JUNIOR,USER1138,HK Vitals Omega,2025-02-06,5092,YouTube,https://platform.com/post/139,Check out product #139,16246,7183,145,Influencer_139,Health,Male,702440,0.6528205128205128,3092,39.64102564102564,-2708,-34.717948717948715,0.007249017709697625,0.18506918740390638,45.10648775083098,44.213960359473106,0.8925273913578727,29.446440465029657
INF0140,Post,7999,9,7999,888.7777777777778,SRC140,GRITZ_JUNIOR,USER1139,HK Vitals Omega,2025-04-13,5295,Twitter,https://platform.com/post/140,Check out product #140,132796,6086,278,Influencer_140,Parenting,Other,404540,0.6619577447180898,3295,41.192649081135144,-2704,-33.804225528191026,0.013088940525040787,0.22247490977406437,4.79231302147655,4.582969366547185,0.20934365492936532,3.172308719679752
INF0141,Order,801,9,7209,801.0,SRC141,HK_MULTIVIT,USER1140,MuscleBlaze Whey,2025-02-28,5298,YouTube,https://platform.com/post/141,Check out product #141,97263,5719,420,Influencer_141,Fitness,Female,887699,0.7349146899708697,3298,45.74837009293938,-1911,-26.508531002913028,0.005968239234244941,0.10138571745602958,6.311752670594162,5.879933787771301,0.43181888282286174,4.638599757082518
INF0142,Order,646,15,9690,646.0,SRC142,GRITZ_JUNIOR,USER1141,Gritzo Supermilk,2025-07-14,6536,Twitter,https://platform.com/post/142,Check out product #142,140090,11869,100,Influencer_142,Parenting,Male,527923,0.6745098039215687,4536,46.811145510835914,-3154,-32.549019607843135,0.01238059338198942,0.2841323450578967,8.543793275751304,8.472410593190093,0.07138268256121065,5.762872327173429
INF0143,Post,5750,10,5750,575.0,SRC143,HK_MULTIVIT,USER1142,HK Vitals Omega,2025-04-23,2855,Instagram,https://platform.com/post/143,Check out product #143,16302,11193,231,Influencer_143,Lifestyle,Female,176981,0.4965217391304348,855,14.869565217391303,-2895,-50.34782608695652,0.016131675151569942,0.5650324046084043,70.07729112992271,68.6602870813397,1.417004048582996,34.79489846537902
INF0144,Order,641,10,6410,641.0,SRC144,HK_MULTIVIT,USER1143,Gritzo Supermilk,2025-04-24,6387,Instagram,https://platform.com/post/144,Check out product #144,72506,1487,383,Influencer_144,Lifestyle,Other,754699,0.996411856474259,4387,68.4399375975039,-23,-0.35881435257410293,0.00846297663041822,0.13250315688771286,2.5790969023253245,2.0508647560201916,0.5282321463051334,2.569842732472987
INF0145,Order,945,8,7560,945.0,SRC145,HK_MULTIVIT,USER1144,MuscleBlaze Whey,2025-02-28,8461,Instagram,https://platform.com/post/145,Check out product #145,46157,13691,43,Influencer_145,Lifestyle,Other,29870,1.1191798941798943,6461,85.46296296296296,901,11.917989417989418,0.28326079678607297,2.678272514228323,29.754966743939164,29.66180644322638,0.09316030071278462,33.30116053180811
INF0146,Order,606,16,9696,606.0,SRC146,HK_MULTIVIT,USER1145,HK Vitals Omega,2025-04-02,6327,Facebook,https://platform.com/post/146,Check out product #146,59917,12980,306,Influencer_146,Lifestyle,Other,962082,0.6525371287128713,4327,44.6266501650165,-3369,-34.74628712871287,0.0065763625137982,0.16630599054966208,22.174007376871337,21.66330089957775,0.5107064772935894,14.46936310576165
INF0147,Order,695,17,11815,695.0,SRC147,MB_WHEY,USER1146,Gritzo Supermilk,2025-03-17,9237,YouTube,https://platform.com/post/147,Check out product #147,101646,11053,33,Influencer_147,Lifestyle,Male,213196,0.7818027930596699,7237,61.25264494286924,-2578,-21.81972069403301,0.04332632882418057,0.7973883187301825,10.906479349900636,10.874013733939359,0.03246561596127737,8.52671601819993
INF0148,Order,980,5,4900,980.0,SRC148,MB_WHEY,USER1147,HK Vitals Omega,2025-05-27,5219,Facebook,https://platform.com/post/148,Check out product #148,88122,2779,450,Influencer_148,Nutrition,Female,258683,1.0651020408163265,3219,65.6938775510204,319,6.510204081632653,0.02017527243769401,0.19328676410896733,3.6642382152016526,3.1535825333060985,0.5106556818955539,3.902787601048454
INF0149,Order,380,4,1520,380.0,SRC149,GRITZ_JUNIOR,USER1148,MuscleBlaze Whey,2025-03-11,1093,Instagram,https://platform.com/post/149,Check out product #149,29519,2206,481,Influencer_149,Health,Female,244677,0.719078947368421,-907,-59.671052631578945,-427,-28.092105263157897,0.004467113786747426,0.1634808339157338,9.102611877096107,7.47315288458281,1.6294589925132965,6.545496566885556
INF0150,Order,523,18,9414,523.0,SRC150,MB_WHEY,USER1149,Gritzo Supermilk,2025-07-28,5339,YouTube,https://platform.com/post/150,Check out product #150,85910,8273,322,Influencer_150,Lifestyle,Female,36790,0.5671340556617803,3339,35.46845124282983,-4075,-43.28659443382197,0.14512095678173417,4.892633867898886,10.00465603538587,9.62984518682342,0.37481084856244906,5.673981152849496
INF0151,Order,955,19,18145,955.0,SRC151,MB_WHEY,USER1150,MuscleBlaze Whey,2025-02-06,7894,Instagram,https://platform.com/post/151,Check out product #151,125430,4323,249,Influencer_151,Fitness,Other,653162,0.4350509782309176,5894,32.482777624689994,-10251,-56.494902176908234,0.012085822506514464,0.29089261163386726,3.645060990193733,3.4465438890217652,0.1985171011719684,1.5857873494951407
INF0152,Post,3727,4,3727,931.75,SRC152,GRITZ_JUNIOR,USER1151,MuscleBlaze Whey,2025-07-01,3993,Facebook,https://platform.com/post/152,Check out product #152,76324,4931,240,Influencer_152,Fitness,Male,821721,1.0713710759323853,1993,53.47464448618191,266,7.13710759323853,0.004859313562632572,0.04867832269103504,6.775064199989518,6.460615271736282,0.31444892825323617,7.258607821453755
INF0153,Post,4290,7,4290,612.8571428571429,SRC153,GRITZ_JUNIOR,USER1152,HK Vitals Omega,2025-02-06,6664,Facebook,https://platform.com/post/153,Check out product #153,10408,2868,189,Influencer_153,Fitness,Other,458345,1.5533799533799533,4664,108.71794871794872,2374,55.33799533799534,0.014539266273222136,0.15272338522292161,29.37163720215219,27.555726364335126,1.8159108378170636,45.62531242777207
INF0154,Order,713,10,7130,713.0,SRC154,GRITZ_JUNIOR,USER1153,Gritzo Supermilk,2025-03-15,3172,Facebook,https://platform.com/post/154,Check out product #154,64379,12245,276,Influencer_154,Fitness,Other,759074,0.44488078541374476,1172,16.43758765778401,-3958,-55.51192145862552,0.0041787757188363715,0.13173946150177718,19.448888612746394,19.020177387036146,0.4287112257102471,8.652436841463052
INF0155,Order,826,18,14868,826.0,SRC155,MB_WHEY,USER1154,MuscleBlaze Whey,2025-05-23,4700,Instagram,https://platform.com/post/155,Check out product #155,30053,3286,444,Influencer_155,Nutrition,Female,497462,0.3161151466236212,2700,18.159806295399516,-10168,-68.38848533763789,0.009447957833965208,0.3618366830029228,12.411406515156557,10.934016570725053,1.4773899444315044,3.9234335903440827
INF0156,Post,7055,19,7055,371.3157894736842,SRC156,MB_WHEY,USER1155,MuscleBlaze Whey,2025-02-16,516,YouTube,https://platform.com/post/156,Check out product #156,145518,11572,240,Influencer_156,Fitness,Other,549773,0.07313961729270022,-1484,-21.034727143869596,-6539,-92.68603827072998,0.0009385691912844028,0.34559718283728014,8.117208867631495,7.952280817493368,0.16492805013812722,0.59368955006348
INF0157,Post,4079,4,4079,1019.75,SRC157,GRITZ_JUNIOR,USER1156,Gritzo Supermilk,2025-05-04,3691,YouTube,https://platform.com/post/157,Check out product #157,136994,2673,243,Influencer_157,Lifestyle,Female,840914,0.904878646727139,1691,41.45623927433195,-388,-9.5121353272861,0.004389271673441042,0.04756728987744288,2.12856037490693,1.951180343664686,0.1773800312422442,1.9260888315227946
INF0158,Post,8534,10,8534,853.4,SRC158,HK_MULTIVIT,USER1157,MuscleBlaze Whey,2025-07-02,892,Instagram,https://platform.com/post/158,Check out product #158,103723,12908,381,Influencer_158,Parenting,Male,96188,0.10452308413405202,-1108,-12.983360674947269,-7642,-89.54769158659481,0.009273506050650809,1.039630723167131,12.812008908342412,12.444684399795609,0.36732450854680254,1.3391506850528978
INF0159,Order,998,1,998,998.0,SRC159,GRITZ_JUNIOR,USER1158,MuscleBlaze Whey,2025-05-16,9116,YouTube,https://platform.com/post/159,Check out product #159,56356,2699,270,Influencer_159,Fitness,Female,539036,9.134268537074147,7116,713.0260521042084,8118,813.4268537074147,0.016911671947699224,0.018551636625383092,5.268294414081908,4.789197246078501,0.47909716800340685,48.122015910591855
INF0160,Post,6627,18,6627,368.1666666666667,SRC160,HK_MULTIVIT,USER1159,Gritzo Supermilk,2025-04-10,6772,Instagram,https://platform.com/post/160,Check out product #160,15789,4133,418,Influencer_160,Nutrition,Male,752129,1.0218801871133243,4772,72.00845027916101,145,2.188018711332428,0.009003774618449761,0.23932064845259257,28.82386471594148,26.17645196022547,2.6474127557160045,29.454536269255424
INF0161,Order,374,5,1870,374.0,SRC161,HK_MULTIVIT,USER1160,Gritzo Supermilk,2025-06-20,1071,YouTube,https://platform.com/post/161,Check out product #161,102720,8528,413,Influencer_161,Nutrition,Female,674795,0.5727272727272728,-929,-49.67914438502674,-799,-42.72727272727273,0.0015871486896020272,0.07409657747908624,8.704244548286605,8.302180685358255,0.4020638629283489,4.985158241291419
INF0162,Order,812,15,12180,812.0,SRC162,GRITZ_JUNIOR,USER1161,Gritzo Supermilk,2025-04-05,4131,Twitter,https://platform.com/post/162,Check out product #162,71656,1404,363,Influencer_162,Fitness,Other,800141,0.33916256157635466,2131,17.495894909688012,-8049,-66.08374384236453,0.005162840049441286,0.18746695894848533,2.4659484202299877,1.9593613933236573,0.5065870269063302,0.8363573829203677
INF0163,Post,3091,17,3091,181.8235294117647,SRC163,GRITZ_JUNIOR,USER1162,Gritzo Supermilk,2025-07-30,6672,Twitter,https://platform.com/post/163,Check out product #163,49028,11722,344,Influencer_163,Parenting,Other,658249,2.1585247492720803,4672,151.1484956324814,3581,115.85247492720802,0.010135981976425335,0.2582609316535232,24.610426694949826,23.90878681569715,0.701639879252672,53.12221511119549
INF0164,Order,272,3,816,272.0,SRC164,GRITZ_JUNIOR,USER1163,HK Vitals Omega,2025-05-24,9812,Facebook,https://platform.com/post/164,Check out product #164,69484,7468,393,Influencer_164,Fitness,Male,40355,12.02450980392157,7812,957.3529411764706,8996,1102.450980392157,0.24314211374055258,0.7434023045471441,11.313395889701226,10.747798054228312,0.5655978354729146,136.0380397913584
INF0165,Order,426,12,5112,426.0,SRC165,MB_WHEY,USER1164,Gritzo Supermilk,2025-03-24,7677,Twitter,https://platform.com/post/165,Check out product #165,37154,5977,69,Influencer_165,Nutrition,Male,721131,1.5017605633802817,5677,111.05242566510172,2565,50.176056338028175,0.01064577725822354,0.16640527171900804,16.272810464552943,16.087096947838724,0.18571351671421651,24.437865011027572
INF0166,Order,817,2,1634,817.0,SRC166,HK_MULTIVIT,USER1165,HK Vitals Omega,2025-06-15,8933,Twitter,https://platform.com/post/166,Check out product #166,7336,1401,482,Influencer_166,Health,Male,461015,5.466952264381885,6933,424.29620563035496,7299,446.6952264381885,0.01937680986518877,0.04338253635998829,25.667938931297712,19.097600872410034,6.570338058887677,140.32539686247398
INF0167,Order,162,1,162,162.0,SRC167,MB_WHEY,USER1166,HK Vitals Omega,2025-03-23,4397,Twitter,https://platform.com/post/167,Check out product #167,108677,2641,181,Influencer_167,Lifestyle,Female,416332,27.141975308641975,2397,1479.6296296296296,4235,2614.1975308641977,0.010561282822362923,0.0240192922955718,2.596685591247458,2.4301370115111753,0.16654857973628273,70.4791762019449
INF0168,Post,8519,17,8519,501.11764705882354,SRC168,MB_WHEY,USER1167,HK Vitals Omega,2025-07-03,8623,Instagram,https://platform.com/post/168,Check out product #168,72779,2151,7,Influencer_168,Nutrition,Female,166542,1.0122080056344642,6623,77.74386665101538,104,1.2208005634464139,0.05177672899328698,1.0207635311212788,2.9651410434328582,2.955522884348507,0.009618159084351255,3.0013395019980678
INF0169,Post,4791,16,4791,299.4375,SRC169,GRITZ_JUNIOR,USER1168,MuscleBlaze Whey,2025-02-20,2779,Twitter,https://platform.com/post/169,Check out product #169,24029,6909,433,Influencer_169,Fitness,Male,183416,0.5800459194322688,779,16.259653517011063,-2012,-41.995408056773115,0.01515134993675579,0.8723339294281851,30.554746348162638,28.75275708518873,1.8019892629739065,17.723155938539755
INF0170,Order,735,5,3675,735.0,SRC170,MB_WHEY,USER1169,HK Vitals Omega,2025-05-15,9480,Twitter,https://platform.com/post/170,Check out product #170,64201,8733,146,Influencer_170,Lifestyle,Other,315062,2.5795918367346937,7480,203.53741496598641,5805,157.9591836734694,0.030089315753724664,0.15869892275171235,13.830002647933833,13.602591859939878,0.22741078799395648,35.675761932629314
INF0171,Order,474,15,7110,474.0,SRC171,GRITZ_JUNIOR,USER1170,HK Vitals Omega,2025-02-17,7951,Facebook,https://platform.com/post/171,Check out product #171,37265,10368,380,Influencer_171,Fitness,Female,848656,1.1182841068917018,5951,83.69901547116737,841,11.828410689170182,0.009368931581229615,0.17675006127335458,28.842077015966726,27.82235341473232,1.0197236012344022,32.25363633670203
INF0172,Post,3749,3,3749,1249.6666666666667,SRC172,HK_MULTIVIT,USER1171,MuscleBlaze Whey,2025-03-23,9406,Twitter,https://platform.com/post/172,Check out product #172,107916,11472,162,Influencer_172,Fitness,Female,573586,2.5089357161909844,7406,197.54601226993864,5657,150.89357161909842,0.016398587134274546,0.05230253179122224,10.7806071388858,10.630490381407762,0.1501167574780385,27.047850292974086
INF0173,Order,607,7,4249,607.0,SRC173,GRITZ_JUNIOR,USER1172,MuscleBlaze Whey,2025-02-25,1275,Twitter,https://platform.com/post/173,Check out product #173,51197,10949,328,Influencer_173,Health,Female,511708,0.3000706048481996,-725,-17.062838314897625,-2974,-69.99293951518004,0.0024916553972187264,0.13679676690612616,22.026681250854544,21.38601871203391,0.6406625388206341,6.609559565742421
INF0174,Post,8747,11,8747,795.1818181818181,SRC174,MB_WHEY,USER1173,MuscleBlaze Whey,2025-06-10,7369,YouTube,https://platform.com/post/174,Check out product #174,130733,12090,150,Influencer_174,Lifestyle,Male,876651,0.8424602720932891,5369,61.38104492969018,-1378,-15.753972790671087,0.008405853640730461,0.12547752754516905,9.362593989275853,9.247856317838648,0.11473767143720408,7.887613479704328
INF0175,Order,497,10,4970,497.0,SRC175,MB_WHEY,USER1174,Gritzo Supermilk,2025-06-21,2747,Facebook,https://platform.com/post/175,Check out product #175,76907,9096,450,Influencer_175,Lifestyle,Male,71629,0.5527162977867203,747,15.030181086519114,-2223,-44.72837022132797,0.03835038880900194,1.3960825922461573,12.412394190385792,11.827271899827064,0.5851222905587268,6.860532563579429
INF0176,Order,219,9,1971,219.0,SRC176,GRITZ_JUNIOR,USER1175,MuscleBlaze Whey,2025-04-26,7588,Facebook,https://platform.com/post/176,Check out product #176,133876,174,297,Influencer_176,Health,Male,338184,3.849822425164891,5588,283.5109081684424,5617,284.98224251648907,0.022437489650604405,0.2661273153076432,0.3518181003316502,0.12997101795691535,0.22184708237473483,1.3544372122356985
INF0177,Post,5048,14,5048,360.57142857142856,SRC177,GRITZ_JUNIOR,USER1176,MuscleBlaze Whey,2025-06-19,578,Facebook,https://platform.com/post/177,Check out product #177,69435,7081,157,Influencer_177,Nutrition,Male,502734,0.11450079239302693,-1422,-28.16957210776545,-4470,-88.5499207606973,0.0011497133673075623,0.27847728619906353,10.42413768272485,10.198026931662705,0.22611075106214445,1.193572024686007
INF0178,Post,8823,13,8823,678.6923076923077,SRC178,MB_WHEY,USER1177,HK Vitals Omega,2025-03-14,8580,Facebook,https://platform.com/post/178,Check out product #178,45631,10467,436,Influencer_178,Fitness,Male,765195,0.97245834750085,6580,74.57780800181344,-243,-2.754165249914995,0.011212828102640503,0.16989133488849248,23.89384409721461,22.938353312441105,0.9554907847735092,23.23576814622026
INF0179,Post,4105,2,4105,2052.5,SRC179,HK_MULTIVIT,USER1178,MuscleBlaze Whey,2025-03-17,7599,Facebook,https://platform.com/post/179,Check out product #179,134038,12216,197,Influencer_179,Parenting,Other,300160,1.85115712545676,5599,136.394640682095,3494,85.115712545676,0.02531649786780384,0.06663113006396588,9.260806636923856,9.113833390531044,0.14697324639281398,17.14320819341885
INF0180,Post,5867,3,5867,1955.6666666666667,SRC180,HK_MULTIVIT,USER1179,Gritzo Supermilk,2025-07-30,4426,Facebook,https://platform.com/post/180,Check out product #180,25103,10381,441,Influencer_180,Fitness,Other,558248,0.7543889551730015,2426,41.34992329981252,-1441,-24.561104482699847,0.007928375918946419,0.05373955661283157,43.11038521292276,41.35362307293949,1.756762139983269,32.52199845788241
INF0181,Order,385,7,2695,385.0,SRC181,GRITZ_JUNIOR,USER1180,MuscleBlaze Whey,2025-02-27,9547,Instagram,https://platform.com/post/181,Check out product #181,69772,5575,498,Influencer_181,Fitness,Male,830023,3.5424860853432283,7547,280.0371057513915,6852,254.24860853432284,0.011502090905914655,0.08433501240327075,8.704064667775038,7.990311299661755,0.7137533681132833,30.8340279715207
INF0182,Post,6976,18,6976,387.55555555555554,SRC182,HK_MULTIVIT,USER1181,Gritzo Supermilk,2025-05-09,7840,Twitter,https://platform.com/post/182,Check out product #182,131108,8332,467,Influencer_182,Nutrition,Female,223920,1.1238532110091743,5840,83.71559633027523,864,12.385321100917432,0.035012504465880674,0.8038585209003216,6.71126094517497,6.355066052414802,0.3561948927601672,7.542472163155356
INF0183,Order,419,3,1257,419.0,SRC183,MB_WHEY,USER1182,MuscleBlaze Whey,2025-03-27,7583,Facebook,https://platform.com/post/183,Check out product #183,19382,10373,77,Influencer_183,Fitness,Male,899765,6.032617342879873,5583,444.1527446300716,6326,503.2617342879873,0.008427756136324484,0.033342039310264346,53.91600454029511,53.51872871736663,0.39727582292849034,325.25462404857427
INF0184,Post,4113,10,4113,411.3,SRC184,GRITZ_JUNIOR,USER1183,MuscleBlaze Whey,2025-07-26,6730,Twitter,https://platform.com/post/184,Check out product #184,89291,7284,403,Influencer_184,Health,Other,252804,1.636275224896669,4730,115.00121565767081,2617,63.62752248966691,0.02662141421812946,0.3955633613392193,8.608930351323203,8.15759707025344,0.4513332810697606,14.086579446731132
INF0185,Post,7879,7,7879,1125.5714285714287,SRC185,MB_WHEY,USER1184,MuscleBlaze Whey,2025-07-02,9723,Twitter,https://platform.com/post/185,Check out product #185,106195,5896,309,Influencer_185,Health,Other,386965,1.2340398527731946,7723,98.02005330625714,1844,23.403985277319457,0.025126303412453324,0.1808949129766258,5.8430246245115125,5.55205047318612,0.290974151325392,7.210525247382337
INF0186,Order,919,9,8271,919.0,SRC186,MB_WHEY,USER1185,MuscleBlaze Whey,2025-04-29,5440,Instagram,https://platform.com/post/186,Check out product #186,139828,7241,381,Influencer_186,Lifestyle,Female,470857,0.657719743682747,3440,41.59110143876194,-2831,-34.22802563172531,0.011553401563532028,0.19114083469078721,5.450982635809709,5.1785050204537,0.27247761535600884,3.585218902043866
INF0187,Post,5970,17,5970,351.1764705882353,SRC187,HK_MULTIVIT,USER1186,Gritzo Supermilk,2025-05-13,3771,Facebook,https://platform.com/post/187,Check out product #187,25609,13789,348,Influencer_187,Parenting,Other,832827,0.6316582914572865,1771,29.66499162479062,-2199,-36.834170854271356,0.004527951183138875,0.20412402575805058,55.20324885782342,53.844351595142335,1.3588972626810887,34.86958985642414
INF0188,Post,3991,11,3991,362.8181818181818,SRC188,GRITZ_JUNIOR,USER1187,Gritzo Supermilk,2025-05-30,3956,YouTube,https://platform.com/post/188,Check out product #188,80683,12975,456,Influencer_188,Fitness,Male,514492,0.9912302681032322,1956,49.01027311450764,-35,-0.8769731896767727,0.007689138023526119,0.21380313007782434,16.646629401484823,16.081454581510354,0.565174819974468,16.50064292464895
INF0189,Post,3067,7,3067,438.14285714285717,SRC189,GRITZ_JUNIOR,USER1188,HK Vitals Omega,2025-07-16,8288,Instagram,https://platform.com/post/189,Check out product #189,129714,1722,144,Influencer_189,Fitness,Female,663983,2.702314965764591,6288,205.02119334854908,5221,170.23149657645908,0.01248224728645161,0.10542438586530076,1.4385494241176742,1.327535963735603,0.11101346038207133,3.8874136377852246
INF0190,Post,9264,14,9264,661.7142857142857,SRC190,HK_MULTIVIT,USER1189,Gritzo Supermilk,2025-05-30,9099,YouTube,https://platform.com/post/190,Check out product #190,135330,8141,191,Influencer_190,Nutrition,Male,425916,0.9821891191709845,7099,76.62996545768567,-165,-1.7810880829015545,0.02136336742456259,0.3287033123902366,6.156801891672209,6.01566541047809,0.14113648119411806,6.047143826891777
INF0191,Order,838,19,15922,838.0,SRC191,MB_WHEY,USER1190,MuscleBlaze Whey,2025-03-07,8150,Twitter,https://platform.com/post/191,Check out product #191,76315,441,297,Influencer_191,Health,Male,831052,0.5118703680442156,6150,38.62580077879663,-7772,-48.81296319557845,0.009806847224963059,0.22862588622613267,0.9670444866671034,0.5778680469108302,0.38917643975627336,0.49500141730541974
INF0192,Order,433,4,1732,433.0,SRC192,MB_WHEY,USER1191,HK Vitals Omega,2025-07-10,3211,Twitter,https://platform.com/post/192,Check out product #192,82834,12344,65,Influencer_192,Parenting,Female,768574,1.8539260969976905,1211,69.91916859122402,1479,85.39260969976905,0.004177867062898303,0.05204443553906325,14.980563536711976,14.902093343313133,0.07847019339884588,27.772857688442354
INF0193,Post,4274,6,4274,712.3333333333334,SRC193,MB_WHEY,USER1192,HK Vitals Omega,2025-07-09,2168,Instagram,https://platform.com/post/193,Check out product #193,131205,2174,489,Influencer_193,Lifestyle,Male,138148,0.5072531586335985,168,3.9307440336920916,-2106,-49.274684136640154,0.015693314416422965,0.434316819642702,2.0296482603559314,1.65694904919782,0.37269921115811133,1.0295454909807347
INF0194,Post,6869,10,6869,686.9,SRC194,MB_WHEY,USER1193,HK Vitals Omega,2025-03-28,647,Instagram,https://platform.com/post/194,Check out product #194,19153,8092,431,Influencer_194,Health,Other,816991,0.09419129422041055,-1353,-19.69719027514922,-6222,-90.58087057795895,0.0007919303884620516,0.12240036915951338,44.49955620529421,42.24925599122853,2.250300214065682,4.191470791210563
INF0195,Post,8822,7,8822,1260.2857142857142,SRC195,GRITZ_JUNIOR,USER1194,MuscleBlaze Whey,2025-07-13,6920,YouTube,https://platform.com/post/195,Check out product #195,81325,745,384,Influencer_195,Lifestyle,Male,496261,0.7844026297891634,4920,55.76966674223532,-1902,-21.559737021083656,0.013944275290623281,0.14105480785312566,1.3882569935444207,0.9160774669535814,0.4721795265908392,1.0889524365594412
INF0196,Order,167,13,2171,167.0,SRC196,GRITZ_JUNIOR,USER1195,Gritzo Supermilk,2025-03-16,865,Facebook,https://platform.com/post/196,Check out product #196,149071,13118,202,Influencer_196,Nutrition,Female,365540,0.3984339014279134,-1135,-52.28005527406725,-1306,-60.156609857208664,0.0023663620944356293,0.3556382338458171,8.935339536194164,8.799833636320948,0.13550589987321476,3.560142191988923
INF0197,Order,875,14,12250,875.0,SRC197,HK_MULTIVIT,USER1196,MuscleBlaze Whey,2025-06-28,5031,YouTube,https://platform.com/post/197,Check out product #197,60318,4363,299,Influencer_197,Nutrition,Female,202714,0.4106938775510204,3031,24.742857142857144,-7219,-58.930612244897965,0.024818216798050456,0.6906281756563434,7.729036108624292,7.233330017573526,0.49570609105076424,3.17426780918276
INF0198,Order,613,4,2452,613.0,SRC198,HK_MULTIVIT,USER1197,HK Vitals Omega,2025-06-28,5830,Instagram,https://platform.com/post/198,Check out product #198,136886,8901,444,Influencer_198,Fitness,Female,741899,2.377650897226754,3830,156.19902120717782,3378,137.76508972267536,0.00785821250601497,0.05391569472394491,6.826848618558509,6.5024911240009935,0.324357494557515,16.231862743146866
INF0199,Order,972,8,7776,972.0,SRC199,GRITZ_JUNIOR,USER1198,MuscleBlaze Whey,2025-02-12,6010,YouTube,https://platform.com/post/199,Check out product #199,120033,14703,323,Influencer_199,Parenting,Male,293876,0.7728909465020576,4010,51.568930041152264,-1766,-22.71090534979424,0.02045080237923478,0.27222365895820005,12.518224155024035,12.249131488840568,0.2690926661834662,9.675222115701446
INF0200,Post,7297,5,7297,1459.4,SRC200,GRITZ_JUNIOR,USER1199,MuscleBlaze Whey,2025-03-31,9254,Instagram,https://platform.com/post/200,Check out product #200,81077,14160,306,Influencer_200,Lifestyle,Female,269747,1.2681924078388378,7254,99.41071673290394,1957,26.819240783883785,0.03430622027307069,0.18535887331462444,17.842298062335804,17.464879065579634,0.3774189967561701,22.62746694105187
INF0201,Post,7546,1,7546,7546.0,SRC201,MB_WHEY,USER1200,Gritzo Supermilk,2025-03-12,9464,YouTube,https://platform.com/post/201,Check out product #201,95474,6236,348,Influencer_201,Health,Female,625650,1.25417439703154,7464,98.9133315663928,1918,25.41743970315399,0.015126668265004396,0.015983377287620875,6.89611831493391,6.531621174351132,0.36449714058277644,8.648935029490396
INF0202,Post,8852,4,8852,2213.0,SRC202,MB_WHEY,USER1201,Gritzo Supermilk,2025-06-18,6993,Instagram,https://platform.com/post/202,Check out product #202,138515,8746,15,Influencer_202,Nutrition,Male,433570,0.7899909624943515,4993,56.405332128332574,-1859,-21.000903750564845,0.01612888345595867,0.09225730562538921,6.324946756668953,6.3141176045915595,0.01082915207739234,4.996650776026433
INF0203,Order,731,3,2193,731.0,SRC203,HK_MULTIVIT,USER1202,HK Vitals Omega,2025-05-24,5939,Instagram,https://platform.com/post/203,Check out product #203,78319,11245,66,Influencer_203,Fitness,Other,285987,2.7081623347013224,3939,179.61696306429548,3746,170.81623347013223,0.020766678205652703,0.10489987307115357,14.442217086530725,14.357946347629566,0.08427073890116064,39.11186834332238
INF0204,Post,6874,9,6874,763.7777777777778,SRC204,GRITZ_JUNIOR,USER1203,MuscleBlaze Whey,2025-03-17,7011,Instagram,https://platform.com/post/204,Check out product #204,130885,10000,337,Influencer_204,Fitness,Male,648353,1.0199301716613325,5011,72.89787605469886,137,1.9930171661332559,0.010813553727676128,0.1388132699316576,7.897772854032166,7.640294915383734,0.2574779386484318,8.05517682275524
INF0205,Order,354,8,2832,354.0,SRC205,HK_MULTIVIT,USER1204,MuscleBlaze Whey,2025-02-25,8004,Facebook,https://platform.com/post/205,Check out product #205,114777,11764,230,Influencer_205,Lifestyle,Female,868158,2.8262711864406778,6004,212.00564971751413,5172,182.6271186440678,0.009219519949133684,0.0921491249288724,10.449828798452652,10.24944021885918,0.20038857959347256,29.534050036304738
INF0206,Order,794,1,794,794.0,SRC206,GRITZ_JUNIOR,USER1205,Gritzo Supermilk,2025-04-13,1746,YouTube,https://platform.com/post/206,Check out product #206,22368,3069,157,Influencer_206,Nutrition,Female,27640,2.198992443324937,-254,-31.98992443324937,952,119.89924433249371,0.06316931982633864,0.36179450072358904,14.42238912732475,13.72049356223176,0.70189556509299,31.714724705678858
INF0207,Post,5657,6,5657,942.8333333333334,SRC207,MB_WHEY,USER1206,MuscleBlaze Whey,2025-06-06,4339,YouTube,https://platform.com/post/207,Check out product #207,96751,3128,203,Influencer_207,Parenting,Male,62528,0.7670143185433975,2339,41.34700371221495,-1318,-23.298568145660244,0.069392911975435,0.9595701125895599,3.442858471747062,3.2330415189507087,0.20981695279635354,2.640721744548436
INF0208,Post,2007,9,2007,223.0,SRC208,HK_MULTIVIT,USER1207,MuscleBlaze Whey,2025-03-14,9051,YouTube,https://platform.com/post/208,Check out product #208,32306,7743,56,Influencer_208,Nutrition,Other,834845,4.509715994020927,7051,351.32037867463873,7044,350.9715994020927,0.010841533458306631,0.10780444274086808,24.14102643471801,23.967684021543985,0.1733424131740234,108.8691730247298
INF0209,Post,4555,7,4555,650.7142857142857,SRC209,HK_MULTIVIT,USER1208,MuscleBlaze Whey,2025-02-04,2876,Instagram,https://platform.com/post/209,Check out product #209,42219,13089,264,Influencer_209,Lifestyle,Female,269214,0.6313940724478595,876,19.231613611416027,-1679,-36.86059275521405,0.01068295110952625,0.2600161952944498,31.62794002700206,31.002629148013927,0.6253108789881333,19.969693856785494
INF0210,Order,980,4,3920,980.0,SRC210,GRITZ_JUNIOR,USER1209,Gritzo Supermilk,2025-06-09,3509,YouTube,https://platform.com/post/210,Check out product #210,65279,2781,63,Influencer_210,Lifestyle,Female,849070,0.8951530612244898,1509,38.494897959183675,-411,-10.48469387755102,0.004132757016500406,0.04711036781419671,4.356684385483846,4.2601755541598365,0.09650883132400925,3.8998993644548
INF0211,Order,531,13,6903,531.0,SRC211,MB_WHEY,USER1210,HK Vitals Omega,2025-05-12,9654,YouTube,https://platform.com/post/211,Check out product #211,58028,3729,76,Influencer_211,Nutrition,Female,980240,1.398522381573229,7654,110.87932782848038,2751,39.85223815732291,0.009848608504039827,0.13262058271443727,6.557179292755222,6.426208037499139,0.13097125525608327,9.170362000906696
INF0212,Post,4211,17,4211,247.7058823529412,SRC212,HK_MULTIVIT,USER1211,HK Vitals Omega,2025-04-19,2327,Instagram,https://platform.com/post/212,Check out product #212,109263,13987,152,Influencer_212,Lifestyle,Male,511108,0.552600332462598,327,7.765376395155545,-1884,-44.739966753740205,0.004552853799979652,0.3326107202391667,12.940336618983553,12.80122273779779,0.1391138811857628,7.1508343178282425
INF0213,Post,2484,2,2484,1242.0,SRC213,MB_WHEY,USER1212,MuscleBlaze Whey,2025-02-09,7479,Twitter,https://platform.com/post/213,Check out product #213,5126,4325,353,Influencer_213,Nutrition,Female,644421,3.010869565217391,5479,220.57165861513687,4995,201.08695652173913,0.01160576703738705,0.03103561181277457,91.26024190401873,84.37378072571205,6.886461178306671,274.7726848631868
INF0214,Order,134,5,670,134.0,SRC214,HK_MULTIVIT,USER1213,HK Vitals Omega,2025-02-14,9069,Instagram,https://platform.com/post/214,Check out product #214,57329,3167,67,Influencer_214,Health,Other,378501,13.535820895522388,7069,1055.0746268656717,8399,1253.5820895522388,0.023960306577789754,0.13210004729181693,5.641124038444766,5.524254740183851,0.11686929826091508,76.3572446338143
INF0215,Post,9239,12,9239,769.9166666666666,SRC215,MB_WHEY,USER1214,Gritzo Supermilk,2025-04-26,4785,YouTube,https://platform.com/post/215,Check out product #215,32632,6041,314,Influencer_215,Nutrition,Female,734226,0.5179131940686221,2785,30.14395497348198,-4454,-48.208680593137785,0.006517066952137353,0.1634374157275825,19.474748712919833,18.512503064476586,0.9622456484432459,10.086229309592099
INF0216,Order,675,8,5400,675.0,SRC216,GRITZ_JUNIOR,USER1215,Gritzo Supermilk,2025-04-09,7410,Instagram,https://platform.com/post/216,Check out product #216,114945,1486,377,Influencer_216,Nutrition,Female,160159,1.3722222222222222,5410,100.18518518518518,2010,37.22222222222222,0.0462665226431234,0.499503618279335,1.6207751533342034,1.292792204967593,0.3279829483666101,2.2240636826308235
INF0217,Order,593,6,3558,593.0,SRC217,HK_MULTIVIT,USER1216,HK Vitals Omega,2025-03-20,9061,Twitter,https://platform.com/post/217,Check out product #217,60176,12068,247,Influencer_217,Lifestyle,Other,182502,2.546655424395728,7061,198.45418774592468,5503,154.6655424395728,0.049648770972372906,0.32876352039977647,20.464969423025792,20.054506780111673,0.4104626429141186,52.11722539124134
INF0218,Post,6654,8,6654,831.75,SRC218,HK_MULTIVIT,USER1217,HK Vitals Omega,2025-04-06,2696,Instagram,https://platform.com/post/218,Check out product #218,139869,2966,497,Influencer_218,Lifestyle,Female,165576,0.4051698226630598,696,10.459873760144275,-3958,-59.48301773369402,0.016282553027008744,0.48316181089046717,2.47588815248554,2.1205556627987616,0.35533248968677833,1.0031551636761369
INF0219,Post,8063,18,8063,447.94444444444446,SRC219,MB_WHEY,USER1218,MuscleBlaze Whey,2025-06-30,4247,YouTube,https://platform.com/post/219,Check out product #219,149790,4888,370,Influencer_219,Fitness,Male,934618,0.5267270246806399,2247,27.868039191367977,-3816,-47.327297531936004,0.004544102510330424,0.19259205365186632,3.510247680085453,3.263235195940984,0.24701248414446894,1.8489423164235295
INF0220,Post,4285,3,4285,1428.3333333333333,SRC220,MB_WHEY,USER1219,HK Vitals Omega,2025-05-28,9343,Twitter,https://platform.com/post/220,Check out product #220,39560,11655,334,Influencer_220,Fitness,Male,875291,2.180396732788798,7343,171.36522753792298,5058,118.0396732788798,0.010674164363623069,0.034274315627602706,30.305864509605662,29.461577350859454,0.8442871587462084,66.07880796108418
INF0221,Post,7223,12,7223,601.9166666666666,SRC221,HK_MULTIVIT,USER1220,MuscleBlaze Whey,2025-06-03,6478,Facebook,https://platform.com/post/221,Check out product #221,81589,5590,111,Influencer_221,Health,Male,896089,0.8968572615256819,4478,61.99640038765056,-745,-10.314273847431815,0.007229192635999326,0.13391526957701747,6.987461545061222,6.851413793526088,0.13604775153513343,6.266755626319617
INF0222,Order,424,3,1272,424.0,SRC222,GRITZ_JUNIOR,USER1221,MuscleBlaze Whey,2025-07-14,6107,YouTube,https://platform.com/post/222,Check out product #222,27116,13181,230,Influencer_222,Fitness,Other,938479,4.801100628930818,4107,322.87735849056605,4835,380.11006289308176,0.0065073379372367415,0.03196661832603607,49.45788464375276,48.60967694350199,0.8482077002507745,237.45228106870923
INF0223,Order,403,6,2418,403.0,SRC223,MB_WHEY,USER1222,Gritzo Supermilk,2025-05-05,1269,Twitter,https://platform.com/post/223,Check out product #223,137717,4224,317,Influencer_223,Nutrition,Female,21023,0.5248138957816377,-731,-30.23159636062862,-1149,-47.51861042183623,0.06036246016267897,2.854017028968273,3.29734164990524,3.067159464699347,0.23018218520589323,1.730490717009822
INF0224,Order,375,2,750,375.0,SRC224,MB_WHEY,USER1223,Gritzo Supermilk,2025-07-25,1280,Twitter,https://platform.com/post/224,Check out product #224,129085,8440,222,Influencer_224,Lifestyle,Male,555735,1.7066666666666668,-720,-96.0,530,70.66666666666667,0.0023032560482964004,0.03598837575463125,6.710307161947554,6.538327458651276,0.17197970329627765,11.452257556390494
INF0225,Post,6563,12,6563,546.9166666666666,SRC225,MB_WHEY,USER1224,Gritzo Supermilk,2025-03-02,6803,Facebook,https://platform.com/post/225,Check out product #225,122718,3950,429,Influencer_225,Fitness,Other,398043,1.0365686423891514,4803,73.18299558128905,240,3.65686423891513,0.017091118296264474,0.30147496627248815,3.568343682263401,3.218761713848009,0.3495819684153914,3.6988331663016787
INF0226,Order,783,2,1566,783.0,SRC226,HK_MULTIVIT,USER1225,Gritzo Supermilk,2025-03-11,4483,Instagram,https://platform.com/post/226,Check out product #226,24256,5515,245,Influencer_226,Fitness,Female,296103,2.862707535121328,2483,158.55683269476373,2917,186.2707535121328,0.015140001958777858,0.06754406405879036,23.7467018469657,22.73664248021108,1.0100593667546174,67.97986231158826
INF0227,Post,5339,6,5339,889.8333333333334,SRC227,HK_MULTIVIT,USER1226,HK Vitals Omega,2025-06-02,9214,Instagram,https://platform.com/post/227,Check out product #227,105158,10350,263,Influencer_227,Health,Other,76203,1.7257913466941375,7214,135.1189361303615,3875,72.57913466941375,0.12091387478183274,0.7873705759615763,10.092432339907567,9.842332490157668,0.2500998497499002,17.417432399308545
INF0228,Post,8529,17,8529,501.70588235294116,SRC228,HK_MULTIVIT,USER1227,Gritzo Supermilk,2025-03-02,1021,YouTube,https://platform.com/post/228,Check out product #228,124719,7779,380,Influencer_228,Health,Male,915588,0.11970922734200962,-979,-11.4784851682495,-7508,-88.02907726579903,0.0011151303861562187,0.18567303197508048,6.541906205149176,6.237221273422654,0.3046849317265212,0.7831265371623061
INF0229,Post,4822,3,4822,1607.3333333333333,SRC229,HK_MULTIVIT,USER1228,HK Vitals Omega,2025-06-04,9627,Facebook,https://platform.com/post/229,Check out product #229,73244,6919,266,Influencer_229,Nutrition,Male,170775,1.9964744919120696,7627,158.17088345085025,4805,99.64744919120697,0.05637241985068072,0.1756697408871322,9.809677243187155,9.44650756375949,0.3631696794276664,19.584770389913466
INF0230,Post,6943,2,6943,3471.5,SRC230,GRITZ_JUNIOR,USER1229,Gritzo Supermilk,2025-07-29,8069,Instagram,https://platform.com/post/230,Check out product #230,147766,9428,9,Influencer_230,Lifestyle,Male,19337,1.1621777329684575,6069,87.41178165058332,1126,16.217773296845746,0.41728292909965353,1.0342866008170863,6.386448844795149,6.380358133806154,0.006090710988996116,7.422188640163051
INF0231,Post,8530,8,8530,1066.25,SRC231,GRITZ_JUNIOR,USER1230,HK Vitals Omega,2025-07-12,6284,Facebook,https://platform.com/post/231,Check out product #231,61264,8478,265,Influencer_231,Health,Other,580715,0.736694021101993,4284,50.222743259085576,-2246,-26.330597889800707,0.010821142901423246,0.13776120816579562,14.271023765996343,13.838469574301385,0.43255419169495946,10.513377883413954
INF0232,Post,4924,12,4924,410.3333333333333,SRC232,HK_MULTIVIT,USER1231,MuscleBlaze Whey,2025-02-19,5083,Instagram,https://platform.com/post/232,Check out product #232,62545,11146,58,Influencer_232,Fitness,Other,524723,1.0322908204711616,3083,62.61169780666125,159,3.2290820471161656,0.009687015815963852,0.22869209087461387,17.91350227835958,17.820769046286674,0.0927332320729075,18.491943964439834
INF0233,Order,579,4,2316,579.0,SRC233,GRITZ_JUNIOR,USER1232,HK Vitals Omega,2025-07-15,6446,Twitter,https://platform.com/post/233,Check out product #233,44224,9542,51,Influencer_233,Lifestyle,Male,333673,2.7832469775474955,4446,191.96891191709844,4130,178.32469775474956,0.019318314637384506,0.11987784447647847,21.69184153400868,21.57651953690304,0.11532199710564399,60.37375238696889
INF0234,Post,2282,5,2282,456.4,SRC234,MB_WHEY,USER1233,HK Vitals Omega,2025-06-02,5441,Instagram,https://platform.com/post/234,Check out product #234,102945,1433,219,Influencer_234,Lifestyle,Other,374167,2.3843120070113937,3441,150.78878177037686,3159,138.43120070113935,0.014541635152218128,0.1336301704853715,1.6047403953567438,1.3920054397979502,0.21273495555879351,3.8262017927852954
INF0235,Order,107,13,1391,107.0,SRC235,MB_WHEY,USER1234,Gritzo Supermilk,2025-07-13,6767,Facebook,https://platform.com/post/235,Check out product #235,18224,12485,181,Influencer_235,Fitness,Male,356809,4.864845434938893,4767,342.7030913012222,5376,386.4845434938893,0.018965328789352285,0.36434058557939963,69.50175592625109,68.50856014047409,0.9931957857769973,338.1153000380598
INF0236,Order,400,15,6000,400.0,SRC236,MB_WHEY,USER1235,HK Vitals Omega,2025-07-22,7628,Twitter,https://platform.com/post/236,Check out product #236,45738,4250,13,Influencer_236,Health,Male,640075,1.2713333333333334,5628,93.8,1628,27.133333333333333,0.011917353435144318,0.23434753739796121,9.320477502295683,9.2920547466002,0.028422755695482964,11.849433731251912
INF0237,Post,6135,16,6135,383.4375,SRC237,HK_MULTIVIT,USER1236,MuscleBlaze Whey,2025-05-07,2961,Twitter,https://platform.com/post/237,Check out product #237,68731,6866,103,Influencer_237,Fitness,Female,697281,0.482640586797066,961,15.664221678891604,-3174,-51.7359413202934,0.004246494598303984,0.22946272736529463,10.139529469962607,9.9896698724011,0.1498595975615079,4.893748453228897
INF0238,Post,8629,10,8629,862.9,SRC238,MB_WHEY,USER1237,MuscleBlaze Whey,2025-07-12,1185,Twitter,https://platform.com/post/238,Check out product #238,144649,2811,24,Influencer_238,Lifestyle,Other,305451,0.1373276161780044,-815,-9.444895121103256,-7444,-86.26723838219957,0.003879509315733129,0.3273847523825425,1.959916764028787,1.943324876079337,0.01659188794945005,0.2691506971113817
INF0239,Post,4976,16,4976,311.0,SRC239,GRITZ_JUNIOR,USER1238,Gritzo Supermilk,2025-03-21,2660,Facebook,https://platform.com/post/239,Check out product #239,13070,4953,382,Influencer_239,Parenting,Male,430571,0.5345659163987139,660,13.263665594855306,-2316,-46.543408360128616,0.00617784291092526,0.3715995735894893,40.818668706962505,37.89594491201224,2.922723794950268,21.820269043512916
INF0240,Order,431,12,5172,431.0,SRC240,HK_MULTIVIT,USER1239,MuscleBlaze Whey,2025-05-31,7531,YouTube,https://platform.com/post/240,Check out product #240,131161,12793,245,Influencer_240,Parenting,Male,137016,1.456109822119103,5531,106.94122196442382,2359,45.61098221191028,0.05496438372160915,0.8758101243650377,9.940454860819909,9.753661530485434,0.18679333033447443,14.474393959171449
INF0241,Post,5200,17,5200,305.88235294117646,SRC241,GRITZ_JUNIOR,USER1240,HK Vitals Omega,2025-05-20,5841,YouTube,https://platform.com/post/241,Check out product #241,13666,6312,65,Influencer_241,Nutrition,Other,801267,1.1232692307692307,3841,73.86538461538461,641,12.326923076923077,0.007289704929817402,0.21216398528829966,46.66325186594468,46.18761890823942,0.47563295770525393,52.41539502865055
INF0242,Order,687,16,10992,687.0,SRC242,MB_WHEY,USER1241,MuscleBlaze Whey,2025-02-09,538,YouTube,https://platform.com/post/242,Check out product #242,62761,7579,383,Influencer_242,Fitness,Female,554447,0.048944687045123725,-1462,-13.300582241630277,-10454,-95.10553129548762,0.0009703362088711816,0.2885758241996079,12.686222335526839,12.07597074616402,0.6102515893628209,0.6209231819972197
INF0243,Post,9167,12,9167,763.9166666666666,SRC243,MB_WHEY,USER1242,Gritzo Supermilk,2025-03-28,5375,Facebook,https://platform.com/post/243,Check out product #243,41368,5508,494,Influencer_243,Fitness,Female,507562,0.5863423148249155,3375,36.81684302389004,-3792,-41.36576851750846,0.010589839270867402,0.23642431860541174,14.508799071746278,13.314639334751499,1.1941597369947785,8.507122833057299
INF0244,Post,9687,8,9687,1210.875,SRC244,MB_WHEY,USER1243,HK Vitals Omega,2025-06-06,1756,Twitter,https://platform.com/post/244,Check out product #244,142855,10077,423,Influencer_244,Nutrition,Male,712965,0.18127387219985547,-244,-2.518839682048106,-7931,-81.87261278001445,0.002462954001949605,0.11220747161501618,7.350110251653774,7.054005810087151,0.29610444156662347,1.3323829464131338
INF0245,Order,626,3,1878,626.0,SRC245,HK_MULTIVIT,USER1244,Gritzo Supermilk,2025-03-14,8197,YouTube,https://platform.com/post/245,Check out product #245,46914,7815,182,Influencer_245,Nutrition,Other,393934,4.364749733759319,6197,329.97870074547393,6319,336.4749733759318,0.02080805414104901,0.0761548888900171,17.046084324508676,16.6581404271646,0.3879438973440764,74.40189201703815
INF0246,Order,972,16,15552,972.0,SRC246,GRITZ_JUNIOR,USER1245,HK Vitals Omega,2025-06-27,2696,Facebook,https://platform.com/post/246,Check out product #246,132738,9042,342,Influencer_246,Nutrition,Female,902048,0.17335390946502058,696,4.4753086419753085,-12856,-82.66460905349794,0.002988754478697364,0.17737415303841922,7.069565610450662,6.811915201374136,0.2576504090765267,1.225536836791087
INF0247,Post,8011,13,8011,616.2307692307693,SRC247,HK_MULTIVIT,USER1246,MuscleBlaze Whey,2025-03-06,7665,YouTube,https://platform.com/post/247,Check out product #247,72526,1862,66,Influencer_247,Lifestyle,Other,965592,0.9568093870927474,5665,70.71526650855074,-346,-4.319061290725252,0.00793813536151915,0.13463243274592165,2.658357003005819,2.5673551553925487,0.09100184761326972,2.54354093471971
INF0248,Order,125,19,2375,125.0,SRC248,HK_MULTIVIT,USER1247,Gritzo Supermilk,2025-03-05,801,Instagram,https://platform.com/post/248,Check out product #248,24956,12212,149,Influencer_248,Fitness,Other,875184,0.3372631578947368,-1199,-50.484210526315785,-1574,-66.27368421052631,0.0009152361103493665,0.21709720470209692,49.53117486776727,48.93412405834268,0.5970508094245872,16.705040450139613
INF0249,Order,919,8,7352,919.0,SRC249,MB_WHEY,USER1248,Gritzo Supermilk,2025-03-31,8027,YouTube,https://platform.com/post/249,Check out product #249,51240,7201,220,Influencer_249,Lifestyle,Male,327428,1.0918117519042438,6027,81.97769314472254,675,9.181175190424375,0.02451531329025007,0.24432852413354994,14.482825917252146,14.053473848555816,0.429352068696331,15.812519537239254
INF0250,Order,704,5,3520,704.0,SRC250,HK_MULTIVIT,USER1249,HK Vitals Omega,2025-05-29,6881,YouTube,https://platform.com/post/250,Check out product #250,126008,7774,7,Influencer_250,Nutrition,Female,329187,1.9548295454545455,4881,138.66477272727275,3361,95.48295454545455,0.02090301257340053,0.15188935164511355,6.175004761602438,6.169449558758174,0.005555202844263856,12.071081751302948
